id,title,published,duration,views,likes,comments,tags,desc
utB3egytkX0,전쟁 대가 치르는 러시아,2026-10-03T02:00:40Z,PT17M43S,777342,5168,878,,"#광고 #이자녹스 #비타밤 #멜라오프밤 본 콘텐츠는 LG생활건강의 유료 광고를 포함하고 있습니다.  남정네들에겐 초절정 신기한 제품! 면처럼 쭉쭉 뽑아 쓰는 화장품! 👀  LG생활건강 이자녹스의 30년 비타민 개발 기술력을 담은 ✨‘ 비타민C 멜라오프 밤’, 일명 비타밤! 🛒 https://mkt.shopping.naver.com/link/6a227bce2"
y_ddhKINsik,현실에 무너진 왕세자의 꿈,2026-09-26T02:00:23Z,PT16M10S,1561804,6837,1220,,"#사우디아라비아 #네옴시티 #석유   . 비즈니스 문의 : scopepublic@naver.com . 인스타그램 : https://www.instagram.com/hanip_reels . 틱톡 : https://www.tiktok.com/@hanip.official  . 업로드 일정 : 매주 토요일 오전 11시 . 욕설, 혐오 및 차별 표현, 타인에 대한 "
-QXyEVMo6f4,그럼 돈은 누가 버나요?,2026-09-19T02:00:22Z,PT14M28S,977370,3996,2071,,"#한우 #소고기 #돼지고기   . 비즈니스 문의 : scopepublic@naver.com . 인스타그램 : https://www.instagram.com/hanip_reels . 틱톡 : https://www.tiktok.com/@hanip.official  . 업로드 일정 : 매주 토요일 오전 11시 . 욕설, 혐오 및 차별 표현, 타인에 대한 공격, "
mtJUxT8Tjs0,뻔하지 않은 추석 선물 종결템,2026-09-14T08:00:14Z,PT1M57S,19752,145,6,,"지식한입 x CJ 웰케어 추석선물세트 최저가 프로모션 (~9월 19일) - 구매링크 : https://www.cjthemarket.com/the/product/theme-product-list?spclCtgrId=0470 1) 침향환 : 99,000 → 36,630 (63%) *2&3박스도 판매합니다.  - Event . 구독자 댓글 이벤트  🔈 명절 선물"
c-_O_A0lCYA,제조 강국 독일 마저 중국에 무너진다?,2026-09-12T02:00:10Z,PT17M45S,877952,3757,1185,,"#제조업 #벤츠 #폭스바겐   지식한입 x CJ 웰케어 추석선물세트 최저가 프로모션 (~9월 19일) - 구매링크 : https://www.cjthemarket.com/the/product/theme-product-list?spclCtgrId=0470 1) 침향환 : 99,000 → 36,630 (63%) *2&3박스도 판매합니다.  - Event . 구독"
sUIYq_e5Rho,피부 깎지 않고 면도하는 법,2026-09-06T02:00:21Z,PT2M49S,65515,433,52,,". 비즈니스 문의 : scopepublic@naver.com . 인스타그램 : https://www.instagram.com/hanip_reels . 틱톡 : https://www.tiktok.com/@hanip.official  . 업로드 일정 : 매주 토요일 오전 11시 . 욕설, 혐오 및 차별 표현, 타인에 대한 공격, 가짜 뉴스, 링크 등이 포함된 "
zl4NaKkkOFE,같이 나락 갔다 혼자 탈출한 아디다스 근황,2026-09-05T02:00:05Z,PT20M6S,920456,2772,362,,. 비즈니스 문의 : scopepublic@naver.com . 인스타그램 : https://www.instagram.com/hanip_reels . 틱톡 : https://www.tiktok.com/@hanip.official  면도날 비싸다고 무딘 날로 피부 긁지 마세요! 가성비 미친 프리미엄 면도기! 도루코 슬릭 면도기로 안 아프고 깔끔하게!  ✅ 면
P2DyeY02Fu4,제2 전성기 맞은 코카콜라,2026-08-29T02:00:12Z,PT16M49S,836675,3385,398,,#메디힐 #메디힐세럼 #올리브영추천템 #수분흔적세럼 #더마세럼  성능 확실하고 가성비까지 끝판왕이던 메디힐 수분 흔적 세럼이 업그레이드 됐습니다 거의 대격변 수준임  용량 커지고 성분 함량이 2배나 증가했는데 리터당 가격은 오히려 저렴해졌음…  이번에 올영x산리오 콜라보를 진행하는데 메디힐 세럼도 여기에 참여합니다! 세럼 구매하면 헬로키티 or 폼폼푸린 캐
hDVjQonVm4U,투자인가 도박인가,2026-08-22T02:00:24Z,PT15M8S,204164,1847,511,,#메디힐 #메디힐세럼 #올리브영추천템 #수분흔적세럼 #더마세럼  성능 확실하고 가성비까지 끝판왕이던 메디힐 수분 흔적 세럼이 업그레이드 됐습니다 거의 대격변 수준임  용량 커지고 성분 함량이 2배나 증가했는데 리터당 가격은 오히려 저렴해졌음…  올영에서 맨날 1등하는 이유가 있어요 이 정도 제품에 이 정도 가격이면 한번은 써보셨음 좋겠습니다  1+1 구성(
JCgWcVrprJA,미국서 잘 팔리는 제네시스의 독특한 행보,2026-08-17T08:00:21Z,PT11M12S,332817,3558,880,,"#제네시스 #현대자동차 #모터스포츠   . 비즈니스 문의 : scopepublic@naver.com . 인스타그램 : https://www.instagram.com/hanip_reels . 틱톡 : https://www.tiktok.com/@hanip.official  . 업로드 일정 : 매주 토요일 오전 11시 . 욕설, 혐오 및 차별 표현, 타인에 대한"
hLoMJEoqciY,북한은 어떻게 부활했나,2026-08-15T02:00:26Z,PT12M59S,609091,4961,1214,,"#북한 #러시아 #경제   . 비즈니스 문의 : scopepublic@naver.com . 인스타그램 : https://www.instagram.com/hanip_reels . 틱톡 : https://www.tiktok.com/@hanip.official  . 업로드 일정 : 매주 토요일 오전 11시 . 욕설, 혐오 및 차별 표현, 타인에 대한 공격, 가짜"
Y4_-UU5gtBo,중국 반도체 기업 CXMT는 정말 위협적일까?,2026-08-08T02:00:06Z,PT14M52S,261588,2602,1018,,"#삼성전자 #하이닉스 #cxmt #반도체   . 비즈니스 문의 : scopepublic@naver.com . 인스타그램 : https://www.instagram.com/hanip_reels . 틱톡 : https://www.tiktok.com/@hanip.official  . 업로드 일정 : 매주 토요일 오전 11시 . 욕설, 혐오 및 차별 표현, 타인에"
yiq7MEXv8b0,Google Gemini 싸게 쓰는 방법,2026-08-07T08:00:37Z,PT1M20S,502208,249,12,,"유플러스 이용자는 주목! Google Gemini를 월 5,900원에 쓸 수 있는 꿀팁!  유플러스 이용자는 ‘익시오’ 설치하고 Google AI Plus 요금제 가입하면 월 5,900원으로 이용할 수 있어요!  Google AI Plus 혜택 . 2배 더 넉넉해진 제미나이 사용량 . Nano Banana, Gemini Notebook . 400GB 클라우"
gTVhq5LooSE,나라 팔이에 대한 모든 것,2026-08-01T02:00:08Z,PT18M50S,143505,2230,628,,"#기술유출 #반도체 #중국   📌 오늘 마지막 특가! 냉동실에 쌓아둘 간편 보양식 갖고 왔습니다  건더기 알차고, 라면보다 끼리 먹기 편합니다! 집에 쟁여두고 편하게 끼리 드세요!  👉 구매하기: https://www.jungoneshop.com/goods/goods_view.php?goodsNo=1000022110  ✅ 녹두삼계탕 4팩 + 묵은지 부대찌개"
32aJLizD8fg,세금 낭비 없이 착한 기업 돕는 방법,2026-07-27T08:00:28Z,PT1M48S,17186,165,9,,
2M9-CFMDq34,인구 절반이 부자인 나라는 어떻게 살까?,2026-07-26T02:00:38Z,PT12M39S,196580,1861,147,,"#모나코 #부자 #카지노   📌 냉동실에 쌓아둘 간편 보양식 갖고 왔습니다  건더기 알차고, 라면보다 끼리 먹기 편합니다! 집에 쟁여두고 편하게 끼리 드세요!  👉 구매하기: https://www.jungoneshop.com/goods/goods_view.php?goodsNo=1000022110  ✅ 녹두삼계탕 4팩 + 묵은지 부대찌개 1팩  → 36,60"
lcf7b6Vav9c,낙타만 가능한 미친 식사(?),2026-07-23T09:00:17Z,PT35S,74392,455,25,,
qV1BdciRhnU,배후에 있는 사모펀드의 실체는?,2026-07-18T06:24:01Z,PT17M55S,375277,3394,767,,"#홈플러스 #사모펀드 #bhc   . 비즈니스 문의 : scopepublic@naver.com . 인스타그램 : https://www.instagram.com/hanip_reels . 틱톡 : https://www.tiktok.com/@hanip.official  . 업로드 일정 : 매주 토요일 오전 11시 . 욕설, 혐오 및 차별 표현, 타인에 대한 공격"
Kq6-HRsf_5M,대박 나도 적자 ㅠ 저가항공사 근황,2026-07-11T02:00:01Z,PT11M30S,279864,2605,660,,"#여행 #휴가 #저가항공  . 비즈니스 문의 : scopepublic@naver.com . 인스타그램 : https://www.instagram.com/hanip_reels . 틱톡 : https://www.tiktok.com/@hanip.official  . 업로드 일정 : 매주 토요일 오전 11시 . 욕설, 혐오 및 차별 표현, 타인에 대한 공격, 가짜"
A8zWBCEbjaI,부도 위기라는 JTBC,2026-07-04T02:00:15Z,PT15M22S,669377,5622,0,,"#jtbc #월드컵 #올림픽   . 비즈니스 문의 : scopepublic@naver.com . 인스타그램 : https://www.instagram.com/hanip_reels . 틱톡 : https://www.tiktok.com/@hanip.official  . 업로드 일정 : 매주 토요일 오전 11시 . 욕설, 혐오 및 차별 표현, 타인에 대한 공격,"
v712BAGm3Pw,한국 호감도 95% 찍은 나라,2026-06-27T02:00:25Z,PT17M47S,582314,6763,1084,,"#두바이 #uae #원유   . 비즈니스 문의 : scopepublic@naver.com . 인스타그램 : https://www.instagram.com/hanip_reels . 틱톡 : https://www.tiktok.com/@hanip.official  . 업로드 일정 : 매주 토요일 오전 11시 . 욕설, 혐오 및 차별 표현, 타인에 대한 공격, 가"
Hfh0rlpa-2U,모기 잡는 킬러 모기 만든 구글,2026-06-23T08:04:48Z,PT15M15S,144617,1837,300,,#모기 #세스코 #모기기피제  제가 모기 자석입니다 진짜 미친듯이 저만 억까해서 모기 기피제를 달고 사는데  매일 뿌리는 물건이라 제대로 된 곳에서 만든 거 좋은 성분 들어간 걸 쓰고 싶더라고요  근데 세스코에서 만든 게 있었음 여기가 또 대한민국 최고의 해충 전문 기업이지 않습니까?  IR3535라는 성분을 쓰는데 WHO에서 최고 등급인 U등급을 받은 성
6MrflhjMEVg,중국이 세계 1위라고? 말이 됨?,2026-06-21T02:00:19Z,PT16M45S,319936,3002,919,,"#전기차 #도요타 #닛산 #혼다    . 비즈니스 문의 : scopepublic@naver.com . 인스타그램 : https://www.instagram.com/hanip_reels . 틱톡 : https://www.tiktok.com/@hanip.official  . 업로드 일정 : 매주 토요일 오전 11시 . 욕설, 혐오 및 차별 표현, 타인에 대한 "
E1O8zU2SOWQ,사회 문제 해결은 국가 생존이 걸린 문제다,2026-06-19T08:00:24Z,PT12M48S,842239,2422,259,,"#sk그룹 #대기업 #사업   . 비즈니스 문의 : scopepublic@naver.com . 인스타그램 : https://www.instagram.com/hanip_reels . 틱톡 : https://www.tiktok.com/@hanip.official  . 업로드 일정 : 매주 토요일 오전 11시 . 욕설, 혐오 및 차별 표현, 타인에 대한 공격, "
D8OOgsuDXkg,재난 피해 떠나는 보험사들,2026-06-17T08:00:24Z,PT12M16S,151116,2085,133,,#자연재해 #장마 #풍수해 #풍수해보험  본 영상은 행정안전부의 지원을 받아 제작되었습니다.  정부가 지원하는 정책 보험! 풍수해・지진재해 보험으로 재해로부터 소중한 내 자산을 지키세요!  장마철 침수 위험이 높아 미리 가입하시면 좋습니다!  . 가입처 DB손해보험 : 044-205-5990 현대해상 : 044-205-5991 삼성화재 : 044-205-5
JSpC1mHJLkU,K중소의 저력,2026-06-13T02:00:34Z,PT13M1S,186155,2862,424,,"#k뷰티 #올리브영 #한류    . 비즈니스 문의 : scopepublic@naver.com . 인스타그램 : https://www.instagram.com/hanip_reels . 틱톡 : https://www.tiktok.com/@hanip.official  . 업로드 일정 : 매주 토요일 오전 11시 . 욕설, 혐오 및 차별 표현, 타인에 대한 공격,"
Nsr441tp9Co,경제 성장이 출산율을 망치는 과정,2026-06-06T02:00:18Z,PT12M47S,449843,4972,1594,,"#대만  #tsmc #반도체   . 비즈니스 문의 : scopepublic@naver.com . 인스타그램 : https://www.instagram.com/hanip_reels . 틱톡 : https://www.tiktok.com/@hanip.official  . 업로드 일정 : 매주 토요일 오전 11시 . 욕설, 혐오 및 차별 표현, 타인에 대한 공격,"
6A1ugrJU3uU,한국 꼴찌가 세계 1위,2026-05-30T02:00:28Z,PT13M49S,364255,2981,633,,"#레드불 #음료 #스포츠  . 비즈니스 문의 : scopepublic@naver.com . 인스타그램 : https://www.instagram.com/hanip_reels . 틱톡 : https://www.tiktok.com/@hanip.official  . 업로드 일정 : 매주 토요일 오전 11시 . 욕설, 혐오 및 차별 표현, 타인에 대한 공격, 가짜"
ITT_5bPLEZw,로켓랩 vs 스페이스X,2026-05-24T02:00:10Z,PT17M54S,331036,3823,508,,"#스페이스x #로켓랩 #주식   . 비즈니스 문의 : scopepublic@naver.com . 인스타그램 : https://www.instagram.com/hanip_reels . 틱톡 : https://www.tiktok.com/@hanip.official  . 업로드 일정 : 매주 토요일 오전 11시 . 욕설, 혐오 및 차별 표현, 타인에 대한 공격,"
8ccr7wnzTqY,비건 고기는 왜 실패했나?,2026-05-16T02:18:10Z,PT13M13S,545933,4800,1449,,"#고기 #대체육 #이슈   . 비즈니스 문의 : scopepublic@naver.com . 인스타그램 : https://www.instagram.com/hanip_reels . 틱톡 : https://www.tiktok.com/@hanip.official  . 업로드 일정 : 매주 토요일 오전 11시 . 욕설, 혐오 및 차별 표현, 타인에 대한 공격, 가짜"
mf3yw_gVg-0,시총 11위 먹은 월마트의 비결,2026-05-09T02:00:15Z,PT13M27S,306345,3224,403,,"#월마트 #주식 #삼성전자  . 비즈니스 문의 : scopepublic@naver.com . 인스타그램 : https://www.instagram.com/hanip_reels . 틱톡 : https://www.tiktok.com/@hanip.official  . 업로드 일정 : 매주 토요일 오전 11시 . 욕설, 혐오 및 차별 표현, 타인에 대한 공격, 가"
n1IdwURe5Is,역대급 호황에도 야구가 적자인 이유,2026-05-05T02:00:00Z,PT15M57S,409620,3633,1798,,"#kbo #kbo리그 #야구 #메디힐 #세럼 #마스크팩 #올리브영세일  메디힐 X KBO 콜라보 제품이 앵콜 출시 됐습니다! ⚾  수분 충전은 기본, 요즘 같이 더운 날씨에 직관 가서 달궈진 피부를 진정시키기에 너무 좋은 데일리 세럼이에요! 💦  . 구성 1 : 메디힐 마데카소사이드 수분 흔적 세럼 X KBO 콜라보 기획 세트   - 1+1 기획세트, 할인"
_ySv6JuMziI,부자 천국 두바이가 아파요,2026-05-02T03:00:00Z,PT15M6S,625493,5915,555,,"#전쟁 #유가 #두바이   . 비즈니스 문의 : scopepublic@naver.com . 인스타그램 : https://www.instagram.com/hanip_reels . 틱톡 : https://www.tiktok.com/@hanip.official  . 업로드 일정 : 매주 토요일 오전 11시 . 욕설, 혐오 및 차별 표현, 타인에 대한 공격, 가짜"
M1k3LWI2_Bo,한강의 기적 남미판이라는 국가,2026-04-25T02:00:00Z,PT16M3S,483082,4357,765,,"#유가 #석유 #가이아나  . 비즈니스 문의 : scopepublic@naver.com . 인스타그램 : https://www.instagram.com/hanip_reels . 틱톡 : https://www.tiktok.com/@hanip.official  . 업로드 일정 : 매주 토요일 오전 11시 . 욕설, 혐오 및 차별 표현, 타인에 대한 공격, 가짜"
uQNfuUdfwXg,선한 의지 못지 않게 똘똘한 정책이 중요한 이유,2026-04-18T02:00:00Z,PT11M11S,482002,5801,1965,,"#스웨덴 #난민 #이민  . 비즈니스 문의 : scopepublic@naver.com . 인스타그램 : https://www.instagram.com/hanip_reels . 틱톡 : https://www.tiktok.com/@hanip.official  . 업로드 일정 : 매주 토요일 오전 11시 . 욕설, 혐오 및 차별 표현, 타인에 대한 공격, 가짜 "
je84ZH50djQ,트럼프 탄핵? 계엄? 가능할까?,2026-04-04T02:50:41Z,PT12M41S,435264,5370,1864,,"#트럼프 #탄핵 #이란전쟁   . 비즈니스 문의 : scopepublic@naver.com . 인스타그램 : https://www.instagram.com/hanip_reels . 틱톡 : https://www.tiktok.com/@hanip.official  . 업로드 일정 : 매주 토요일 오전 11시 . 욕설, 혐오 및 차별 표현, 타인에 대한 공격, "
gaZf_MF7OH8,설명할 시간 있어! 설명 듣고 타! (feat. HBF),2026-03-21T02:00:00Z,PT17M12S,296764,5068,317,,"#반도체 #삼성전자 #sk하이닉스  #HBF  . 비즈니스 문의 : scopepublic@naver.com . 인스타그램 : https://www.instagram.com/hanip_reels . 틱톡 : https://www.tiktok.com/@hanip.official  . 업로드 일정 : 매주 토요일 오전 11시 . 욕설, 혐오 및 차별 표현, 타인"
k1dy5juTaHY,복지 천국 유지하는 영리한 전략,2026-03-14T02:00:00Z,PT15M16S,305223,3239,411,,"#유가 #이란 #네덜란드  . 비즈니스 문의 : scopepublic@naver.com . 인스타그램 : https://www.instagram.com/hanip_reels . 틱톡 : https://www.tiktok.com/@hanip.official  . 업로드 일정 : 매주 토요일 오전 11시 . 욕설, 혐오 및 차별 표현, 타인에 대한 공격, 가짜"
KkU_aSXsWII,조카 오타쿠 만들기 D-1,2026-03-13T02:02:43Z,PT57S,53925,474,27,,포켓몬 할 수 있는 나이까지만 빨리 자라다오 많이도 안 바란다
fYyRM-17oC0,핵보다 무서운 자원의 무기화,2026-03-07T01:45:00Z,PT10M50S,379018,3999,905,,"#호르무즈해협 #이란 #유가   . 비즈니스 문의 : scopepublic@naver.com . 인스타그램 : https://www.instagram.com/hanip_reels . 틱톡 : https://www.tiktok.com/@hanip.official  . 업로드 일정 : 매주 토요일 오전 11시 . 욕설, 혐오 및 차별 표현, 타인에 대한 공격,"
m4juuqU6MXY,이대론 안 된다! 반도체 부활 목숨 거는 일본,2026-03-05T09:07:23Z,PT14M45S,244524,2911,686,,"#반도체 #일본 #삼전 #메디힐 #메디힐세럼 #세럼 #세럼추천 #올리브영추천템 #올리브영세일 #올리브영세럼추천 #올리브영추천  올영 1등 세럼! 3/5 (목) 단 하루! 딱 오늘만 2병에 20,300원! 병당 거의 만 원에 모십니다!  💙3월 올리브영 세일 메디힐💙 지금 올리브영에서 [메디힐 세럼🔎]을 검색해보세요!  ✅ 1등 #수분흔적세럼  메디힐 마데카"
iJPXMPgzMcQ,이란 최고 지도자 사망,2026-03-02T02:00:00Z,PT10M21S,620433,7987,1922,,"#이란 #암살 #하메네이 #지도자  . 비즈니스 문의 : scopepublic@naver.com . 인스타그램 : https://www.instagram.com/hanip_reels . 틱톡 : https://www.tiktok.com/@hanip.official  . 업로드 일정 : 매주 토요일 오전 11시 . 욕설, 혐오 및 차별 표현, 타인에 대한 공"
RVV2kOKsUdw,라떼(100년 전)는...,2026-02-28T02:00:00Z,PT11M14S,87706,1672,288,,"#삼일운동 #3.1운동 #3.1절  . 비즈니스 문의 : scopepublic@naver.com . 인스타그램 : https://www.instagram.com/hanip_reels . 틱톡 : https://www.tiktok.com/@hanip.official  . 업로드 일정 : 매주 토요일 오전 11시 . 욕설, 혐오 및 차별 표현, 타인에 대한 공"
zflCDnHdlFw,초대박 터진 한국 관광 근황,2026-02-21T02:00:00Z,PT11M6S,339166,4678,1021,,"#한국 #여행 #한류   . 비즈니스 문의 : scopepublic@naver.com . 인스타그램 : https://www.instagram.com/hanip_reels . 틱톡 : https://www.tiktok.com/@hanip.official  . 업로드 일정 : 매주 토요일 오전 11시 . 욕설, 혐오 및 차별 표현, 타인에 대한 공격, 가짜 "
8l1K2dX5I60,삼성 위기론 찢고 개같이 부활,2026-02-14T02:00:00Z,PT9M14S,312181,4193,976,,"#삼성전자 #sk하이닉스 #hbm4   . 비즈니스 문의 : scopepublic@naver.com . 인스타그램 : https://www.instagram.com/hanip_reels . 틱톡 : https://www.tiktok.com/@hanip.official  . 업로드 일정 : 매주 토요일 오전 11시 . 욕설, 혐오 및 차별 표현, 타인에 대한"
aHznXvJTgP0,심각하다는 코인 근황,2026-02-06T09:00:13Z,PT4M7S,357111,4119,920,,"#코인 #코스피 #나스닥  . 비즈니스 문의 : scopepublic@naver.com . 인스타그램 : https://www.instagram.com/hanip_reels . 틱톡 : https://www.tiktok.com/@hanip.official  . 업로드 일정 : 매주 토요일 오전 11시 . 욕설, 혐오 및 차별 표현, 타인에 대한 공격, 가짜"
AKHGYspEYKo,향후 4년 반드시 알아야 할 인물,2026-02-03T09:00:00Z,PT8M53S,301491,3556,284,,"#코인 #케빈워시 #연준   . 비즈니스 문의 : scopepublic@naver.com . 인스타그램 : https://www.instagram.com/hanip_reels . 틱톡 : https://www.tiktok.com/@hanip.official  . 업로드 일정 : 매주 토요일 오전 11시 . 욕설, 혐오 및 차별 표현, 타인에 대한 공격, 가"
qTnVqy15M4s,왜 하필 은일까,2026-02-01T02:00:00Z,PT5M37S,514004,4715,735,,"#트럼프 #은 #은값   . 비즈니스 문의 : scopepublic@naver.com . 인스타그램 : https://www.instagram.com/hanip_reels . 틱톡 : https://www.tiktok.com/@hanip.official  . 업로드 일정 : 매주 토요일 오전 11시 . 욕설, 혐오 및 차별 표현, 타인에 대한 공격, 가짜 "
6rmqP7bWsf8,우리 이대로 괜찮은 걸까?,2026-01-24T02:00:00Z,PT9M24S,341560,4132,1527,,"#ai #미국주식 #미장   . 비즈니스 문의 : scopepublic@naver.com . 인스타그램 : https://www.instagram.com/hanip_reels . 틱톡 : https://www.tiktok.com/@hanip.official  . 업로드 일정 : 매주 토요일 오전 11시 . 욕설, 혐오 및 차별 표현, 타인에 대한 공격, 가"
g0lSm7T8e-I,잔혹한 탄압에 잠잠해진 거리,2026-01-21T09:50:25Z,PT11M44S,405746,5310,1554,,"#이란 #시위 #이란시위   . 비즈니스 문의 : scopepublic@naver.com . 인스타그램 : https://www.instagram.com/hanip_reels . 틱톡 : https://www.tiktok.com/@hanip.official  . 업로드 일정 : 매주 토요일 오전 11시 . 욕설, 혐오 및 차별 표현, 타인에 대한 공격, 가"
0VCVlonWxrQ,마약이 너무 싫은 트럼프,2026-01-14T09:00:02Z,PT10M9S,372217,4655,973,,"#멕시코 #트럼프 #카르텔  . 비즈니스 문의 : scopepublic@naver.com . 인스타그램 : https://www.instagram.com/hanip_reels . 틱톡 : https://www.tiktok.com/@hanip.official  . 업로드 일정 : 매주 토요일 오전 11시 . 욕설, 혐오 및 차별 표현, 타인에 대한 공격, 가"
slDLls5PiUs,독재로 부활 중인 나라,2026-01-10T02:01:08Z,PT11M48S,594521,6609,3020,,"#엘살바도르 #부켈레 #독재  . 비즈니스 문의 : scopepublic@naver.com . 인스타그램 : https://www.instagram.com/hanip_reels . 틱톡 : https://www.tiktok.com/@hanip.official  . 업로드 일정 : 매주 토요일 오전 11시 . 욕설, 혐오 및 차별 표현, 타인에 대한 공격, "
2w4_hTPmI9k,기술이 노동 해방 시켜준다?,2025-12-29T09:00:08Z,PT12M6S,159913,2384,285,,"#콜포비아 #가전 #로봇청소기 #드리미  드리미 매트릭스10 울트라 X 지식한입 특가 📌 행사 기간 : 2025년 12월 📌 지식한입 특가 : Matrix10 Ultra(화이트/블랙): 2,290,000원 → 1,890,000원 📌 구매자 전원 사은품 증정 📌 구매 링크 : https://www.youtube.com/shopcollection/SCUCVnK"
dqmNtJr8O_E,베네수엘라 대통령의 운명은?,2025-12-27T02:00:46Z,PT13M15S,1244615,15464,3560,,"#베네수엘라 #트럼프 #미국  . 비즈니스 문의 : scopepublic@naver.com . 인스타그램 : https://www.instagram.com/hanip_reels . 틱톡 : https://www.tiktok.com/@hanip.official  . 업로드 일정 : 매주 토요일 오전 11시 . 욕설, 혐오 및 차별 표현, 타인에 대한 공격, "
vTn-ji_8NBY,한국은 명함도 못 내미는 리얼 소멸국가 불가리아,2025-12-20T02:01:07Z,PT13M13S,366168,4502,932,,#불가리아 #총리 #최빈국  벌써 세번째 VT 앵콜 판매 갑니다! 이번엔 남정네들 쓰기 조은 앰플 + 크림이에요!  아래 URL 들어가면 특가로 팔고 있습니다 https://www.youtube.com/shopcollection/SCUCVrdAGFd5NeY6gEJa9nuTJ7HQ-2koHkF3A  👉댓글 이벤트 참여방법 1. 본인의 피부고민 또는 VT제품들
AkPn9-tX66A,"운동해도, 안해도 걸리면 어쩌라는 거죠?",2025-12-18T09:00:15Z,PT9M45S,355585,3926,631,,"#광고 #필라이트더블컷 #필라이트 #만원에열두캔 #가성비#하이트진로#HITEJINRO #FiLite #통풍  * 경고: 지나친 음주는 뇌졸중, 기억력 손상이나 치매를 유발합니다. 임신중 음주는 기형아 출생 위험을 높입니다  . 비즈니스 문의 : scopepublic@naver.com . 인스타그램 : https://www.instagram.com/hanip"
mEeuwI8s1Ho,캄보디아가 태국과 싸우는 이유,2025-12-15T09:01:17Z,PT8M45S,326584,4318,417,,"#태국 #캄보디아 #분쟁   . 비즈니스 문의 : scopepublic@naver.com . 인스타그램 : https://www.instagram.com/hanip_reels . 틱톡 : https://www.tiktok.com/@hanip.official  . 업로드 일정 : 매주 토요일 오전 11시 . 욕설, 혐오 및 차별 표현, 타인에 대한 공격, 가"
QOOzrEfNMCY,요기요 진짜 작정했네 ㅋㅋ,2025-12-12T09:00:46Z,PT1M29S,65837,446,36,,"#요기요 #포인트적립프로그램 #무한적립  ""세상에 없던 배달적립의 시작. 무한적립 주문할 때마다 포인트 최대 13% 적립!""  런칭 기념 랜덤 포인트! 최대 10,000원 받으러 가기! https://yogiyo.onelink.me/fxbM/qie7t7lq  * 페이코 포인트 결제 시 3% 추가 적립의 경우, 소진 시 조기 종료 될 수 있습니다.     ."
EObyyp2kU3k,헛소리만 하는데 뭐가 좋다는 거지?,2025-12-11T09:00:32Z,PT12M3S,154156,2467,674,,"#라이너 #라이너AI #liner #AI #거짓말 #할루시네이션  현존 정확도 1위 AI ""라이너"" 저도 자료 조사할 때 무조건 씁니다 과제, 연구는 라이너가 현존 최강입니다  라이너 ""PRO 플랜 한 달 이용권"" 이벤트 참여하러 가기! 👉  https://forms.gle/1kLZhmb9SvzHRscdA  라이너 이용하러 가기! 👉 https://hey."
AeaDkCdIOoM,한국과 다른 대만의 일본 사랑,2025-12-06T02:00:13Z,PT9M40S,574007,7451,2584,,"#대만 #일본 #친일 #반일  . 비즈니스 문의 : scopepublic@naver.com . 인스타그램 : https://www.instagram.com/hanip_reels . 틱톡 : https://www.tiktok.com/@hanip.official  . 업로드 일정 : 매주 토요일 오전 11시 . 욕설, 혐오 및 차별 표현, 타인에 대한 공격, "
2HSfnfnreYA,안 하는 게 아니라고요,2025-12-04T09:00:04Z,PT11M2S,397196,4874,1840,,"#연애 #비연애 #청년 #알파몬토  . 비즈니스 문의 : scopepublic@naver.com . 인스타그램 : https://www.instagram.com/hanip_reels . 틱톡 : https://www.tiktok.com/@hanip.official  . 업로드 일정 : 매주 토요일 오전 11시 . 욕설, 혐오 및 차별 표현, 타인에 대한 공"
VAe9RMYrcU4,전통 시장은 이래서 안 망합니다,2025-12-01T09:00:47Z,PT10M5S,643280,6706,1506,,"#전통시장 #광장시장 #노점  . 비즈니스 문의 : scopepublic@naver.com . 인스타그램 : https://www.instagram.com/hanip_reels . 틱톡 : https://www.tiktok.com/@hanip.official  . 업로드 일정 : 매주 토요일 오전 11시 . 욕설, 혐오 및 차별 표현, 타인에 대한 공격, "
wlsdLs-p06E,이렇게까지 미워하는 이유,2025-11-29T02:01:07Z,PT11M16S,486030,6195,1736,,"#중일 #일본 #중국  . 비즈니스 문의 : scopepublic@naver.com . 인스타그램 : https://www.instagram.com/hanip_reels . 틱톡 : https://www.tiktok.com/@hanip.official  . 업로드 일정 : 매주 토요일 오전 11시 . 욕설, 혐오 및 차별 표현, 타인에 대한 공격, 가짜 뉴"
kt8XXeXhfis,떼거지 관광에 열받는 일본,2025-11-22T02:01:00Z,PT10M50S,515944,5886,2332,,"#일본 #일본여행 #일본관광  . 비즈니스 문의 : scopepublic@naver.com . 인스타그램 : https://www.instagram.com/hanip_reels . 틱톡 : https://www.tiktok.com/@hanip.official  . 업로드 일정 : 매주 토요일 오전 11시 . 욕설, 혐오 및 차별 표현, 타인에 대한 공격, "
5SMRW0u_2u0,진짜 기적은 기적이었다,2025-11-20T09:00:07Z,PT11M30S,351325,5384,921,,#한국전쟁 #최빈국  . 본 영상은 한국국제협력단(KOICA)의 지원을 받아 제작됐습니다     . 비즈니스 문의 : scopepublic@naver.com . 인스타그램 : https://www.instagram.com/hanip_reels . 틱톡 : https://www.tiktok.com/@hanip.official  . 업로드 일정 : 매주 토요일
au8hUqufOdg,?? : 한국 정도면 서민 살기 좋지~,2025-11-15T02:00:03Z,PT11M43S,286654,4136,1943,,#면세 #서민  특허성분 고농축 숙취해소제! 알디콤 한입!  6주년 기념 최대 64% 할인! 매일 매일 EVENT 진행 중! (지금 사두는 게 맞다...)  ▼숙취해소제 알디콤 6돌 이벤트▼  https://m.site.naver.com/1UZNJ|  술 마실땐 알디?     . 비즈니스 문의 : scopepublic@naver.com . 인스타그램 : h
wIsHw9cIlRQ,간만에 국뽕 뉴스인가,2025-11-08T02:01:07Z,PT14M6S,327622,4871,1234,,"#핵잠수함 #우라늄 #카페24PRO #브랜드성장 #쇼핑몰운영 #온라인비즈니스  쇼핑몰 운영, 이제 PRO가 대신합니다. ① 국내·글로벌 쇼핑몰 자동 생성 ② 상품·주문·마케팅 통합 관리 ③ 브랜드 맞춤형 디자인 지원 ④ 유튜브 쇼핑 연동으로 영상→구매 연결 ⑤ 글로벌 결제·배송·번역까지 원스톱브랜드다운 시작, 글로벌한 성장.  카페24 PRO 자세히 보기:"
k-qj7JinXSw,곱게 가줄 순 없겠니 정은쨩?,2025-11-01T02:01:00Z,PT9M30S,653230,7207,2393,,"#통일 #북한붕괴 #김정은  . 비즈니스 문의 : scopepublic@naver.com . 인스타그램 : https://www.instagram.com/hanip_reels . 틱톡 : https://www.tiktok.com/@hanip.official  . 업로드 일정 : 매주 토요일 오전 11시 . 욕설, 혐오 및 차별 표현, 타인에 대한 공격, 가"
bCOJQ2tlrLw,고대 유물 돼가는 컴퓨터 근황,2025-10-25T02:00:42Z,PT9M46S,517991,6391,1609,,"#PC #pc방 #게임   . 비즈니스 문의 : scopepublic@naver.com . 인스타그램 : https://www.instagram.com/hanip_reels . 틱톡 : https://www.tiktok.com/@hanip.official  . 업로드 일정 : 매주 토요일 오전 11시 . 욕설, 혐오 및 차별 표현, 타인에 대한 공격, 가짜"
diAUCBoTNME,독재자도 패는 MZ,2025-10-04T02:00:42Z,PT11M3S,317152,5486,1536,,"#아시아의봄 #필리핀 #인도네시아  . 비즈니스 문의 : scopepublic@naver.com . 인스타그램 : https://www.instagram.com/hanip_reels . 틱톡 : https://www.tiktok.com/@hanip.official  . 업로드 일정 : 매주 토요일 오전 11시 . 욕설, 혐오 및 차별 표현, 타인에 대한 공"
AVo2hrWTXSo,테라가 청정한 이유,2025-10-02T02:14:17Z,PT10M17S,69553,1118,152,,". 비즈니스 문의 : scopepublic@naver.com . 인스타그램 : https://www.instagram.com/hanip_reels . 틱톡 : https://www.tiktok.com/@hanip.official  . 업로드 일정 : 매주 토요일 오전 11시 . 욕설, 혐오 및 차별 표현, 타인에 대한 공격, 가짜 뉴스, 링크 등이 포함된 "
q-Oi7cC4gV4,한국인이 자존감이 낮다고?,2025-09-27T02:00:51Z,PT10M6S,404602,6314,1361,,"#자존감 #한국인 #한국인자존감  . 비즈니스 문의 : scopepublic@naver.com . 인스타그램 : https://www.instagram.com/hanip_reels . 틱톡 : https://www.tiktok.com/@hanip.official  . 업로드 일정 : 매주 토요일 오전 11시 . 욕설, 혐오 및 차별 표현, 타인에 대한 공격"
hlgJtM_Qcpg,이제 진짜 일본처럼 되려나?,2025-09-20T02:00:44Z,PT12M16S,809397,9080,2478,,"#중년은둔 #은둔 #히키코모리  한우 선물 세트 엄청 쌉니다 진짜 진짜 진짜 쌉니다  한우 투뿔 (구이용, 냉장) 1.2kg 89,000원 600g 54,900원  PC 전용 판매 링크 : https://bit.ly/4pviZlV 판매 일정 : 9.20.(토)~26.(금)     . 비즈니스 문의 : scopepublic@naver.com . 인스타그램 :"
NIWTQdvAJgU,김씨 정권이 붕괴하지 않는 이유,2025-09-13T02:00:31Z,PT10M1S,1243642,9440,2027,,"#북한 #붕괴 #혁명  . 비즈니스 문의 : scopepublic@naver.com . 인스타그램 : https://www.instagram.com/hanip_reels . 틱톡 : https://www.tiktok.com/@hanip.official  . 업로드 일정 : 매주 토요일 오전 11시 . 욕설, 혐오 및 차별 표현, 타인에 대한 공격, 가짜 뉴"
r4dh3B7jx24,?? : 살려달라고!!! 진짜 죽는다고!!!,2025-08-23T02:00:46Z,PT10M56S,567492,9740,3120,,"#석유화학 #여천NCC #LG화학  . 비즈니스 문의 : scopepublic@naver.com . 인스타그램 : https://www.instagram.com/hanip_reels . 틱톡 : https://www.tiktok.com/@hanip.official  . 업로드 일정 : 매주 토요일 오전 11시 . 욕설, 혐오 및 차별 표현, 타인에 대한 공"
EBXOzeElcNM,아이 남겨두고 일 찾아 떠난 중국의 부모들,2025-08-16T02:00:24Z,PT13M22S,378153,4981,629,,#중국 #시위 #학폭  파나소닉 구강 세정제 사러가기 https://mkt.shopping.naver.com/link/687a09ca2e2aeb4ae43b803b     . 비즈니스 문의 : scopepublic@naver.com . 인스타그램 : https://www.instagram.com/hanip_reels . 틱톡 : https://www.tikt
o5HwplChp7A,MZ가 열광하는 무속 신앙,2025-08-02T02:03:46Z,PT9M56S,332680,5060,1624,,"#무속인 #점집 #종교  . 비즈니스 문의 : scopepublic@naver.com . 인스타그램 : https://www.instagram.com/hanip_reels . 틱톡 : https://www.tiktok.com/@hanip.official  . 업로드 일정 : 매주 토요일 오전 11시 . 욕설, 혐오 및 차별 표현, 타인에 대한 공격, 가짜 "
r9bBcB_29p4,이스라엘 군대가 짱 쎈 이유,2025-07-26T02:00:54Z,PT10M34S,368555,4513,777,,"#이스라엘 #이스라엘군 #모사드  . 비즈니스 문의 : scopepublic@naver.com . 인스타그램 : https://www.instagram.com/hanip_reels . 틱톡 : https://www.tiktok.com/@hanip.official  . 업로드 일정 : 매주 토요일 오전 11시 . 욕설, 혐오 및 차별 표현, 타인에 대한 공격"
ZdSFqL5XqEU,사회적으로 중성화되는 남성들,2025-07-19T02:00:30Z,PT9M35S,710367,11518,5201,,"#남성성 #알파메일 #중성화  . 비즈니스 문의 : scopepublic@naver.com . 인스타그램 : https://www.instagram.com/hanip_reels . 틱톡 : https://www.tiktok.com/@hanip.official  . 업로드 일정 : 매주 토요일 오전 11시 . 욕설, 혐오 및 차별 표현, 타인에 대한 공격, "
ztCN2o0TY0E,진짜 대놓고 코인 미는 미국 정부,2025-07-05T02:00:56Z,PT12M50S,360978,5145,580,,#스테이블코인 #카카오페이 #코인  탈모 고민 있는 형들 위한 탈모앰플 가져왔습니다 저번 광고 때 품절대란을 일으킨 리들샷도 앵콜구성 있어요! https://bit.ly/4kld0wa  👉댓글 이벤트 참여방법 1. 본인의 피부고민 또는 VT제품들 중 궁금한 제품과 이유 남기기 2. 아래 폼에 정보 제출 시 참여 완료! https://forms.gle/UKk
eGK9mHlZp1Y,2차 한국전쟁 진짜로 터진다면?,2025-06-28T02:00:38Z,PT10M4S,623312,7893,2817,,"#한국전쟁 #6.25 #북한  . 비즈니스 문의 : scopepublic@naver.com . 인스타그램 : https://www.instagram.com/hanip_reels . 틱톡 : https://www.tiktok.com/@hanip.official  . 업로드 일정 : 매주 토요일 오전 11시 . 욕설, 혐오 및 차별 표현, 타인에 대한 공격, "
OUWEvTYsvx8,이란 공격한 이스라엘이 원하는 것,2025-06-21T02:00:24Z,PT12M4S,367158,5379,511,,"#이란 #이스라엘 #미국  지식한입 두유 출시! https://cjon.style/hanipoharu1  첨가물, 설탕 안 넣었습니다! 꼬소한 두유 건강하게 드세요!      . 비즈니스 문의 : scopepublic@naver.com . 인스타그램 : https://www.instagram.com/hanip_reels . 틱톡 : https://www.t"
iipNVb9UzXs,중국 침체가 한국을 힘들게 하는 이유,2025-06-14T02:00:46Z,PT9M49S,538623,7138,1922,,"#중국 #기술 #중국기술  . 비즈니스 문의 : scopepublic@naver.com . 인스타그램 : https://www.instagram.com/hanip_reels . 틱톡 : https://www.tiktok.com/@hanip.official  . 업로드 일정 : 매주 토요일 오전 11시 . 욕설, 혐오 및 차별 표현, 타인에 대한 공격, 가짜"
oYFEGJhXPYc,결정사 업계가 이 시국에 잘 되는 이유,2025-05-24T02:00:50Z,PT12M16S,198623,2721,558,,"#결정사 #우연 #우리의인연 #결혼정보회사 #결혼  🤵🏻❤️👰🏻 요즘 가장 핫한 결혼정보회사 ‘우연’ 👉 지식한입 구독자 전용 특별 혜택! 최대 25만원 할인 🎁  💍 우연 회원 만족도가 높은 이유, 여기에 있어요:  ✅ 프사기·키사기 걱정 없는 철저한 검증 시스템 ✅ 상담부터 매칭까지 1:1 전담 매니저 전 과정 동행 👉내취향과 성향을 가장 잘 아는 매니"
8olJGhbAToM,핵보유국 둘이 싸우는 건 좀 무서운데,2025-05-17T02:00:07Z,PT11M38S,354519,5148,428,,#인도 #파키스탄 #분쟁  난감한 여드름 & 뾰루지! 예쁘게 꾸며보자! 마데카 메디패치 사러 가기! https://brand.naver.com/censian/products/11835538508  아이 벌레 물린 상처에도! 아내의 임신 후 트러블에도! 여자친구랑 같이 커플 아이템으로도! 예쁘게 꾸밀 수 있는 마데카 메디패치!  . 비즈니스 문의 : scop
yKJdgysQG4w,담배 끊는 게 진짜 어려운 이유,2025-05-03T02:01:01Z,PT12M19S,458659,4894,1217,,"#금연 #전자담배 #니코레트  . 비즈니스 문의 : scopepublic@naver.com . 인스타그램 : https://www.instagram.com/hanip_reels . 틱톡 : https://www.tiktok.com/@hanip.official  . 업로드 일정 : 매주 토요일 오전 11시 . 욕설, 혐오 및 차별 표현, 타인에 대한 공격, "
0QpbFFWf-vg,형 쫌 여물어주면 안대? ㅠ,2025-04-19T02:00:00Z,PT11M23S,315306,4699,560,,"#관세 #트럼프 #미장  . 비즈니스 문의 : scopepublic@naver.com . 인스타그램 : https://www.instagram.com/hanip_reels . 틱톡 : https://www.tiktok.com/@hanip.official  . 업로드 일정 : 매주 토요일 오전 11시 . 욕설, 혐오 및 차별 표현, 타인에 대한 공격, 가짜 "
T943aLoWqac,삼성 위기에 이재용 회장 출격,2025-04-12T02:00:19Z,PT8M38S,537302,6149,1321,,"#이재용 #삼성 #삼성전자  . 비즈니스 문의 : scopepublic@naver.com . 인스타그램 : https://www.instagram.com/hanip_reels . 틱톡 : https://www.tiktok.com/@hanip.official  . 업로드 일정 : 매주 토요일 오전 11시 . 욕설, 혐오 및 차별 표현, 타인에 대한 공격, 가"
wUOTTEJu2x8,소개팅 전 프사 작업,2025-03-27T09:01:14Z,PT59S,45842,472,32,,#인텔 #인텔®코어™Ultra #ai   프사 맛집은 '인텔®코어™Ultra'  . 비즈니스 문의 : scopepublic@naver.com . 인스타그램 : https://www.instagram.com/hanip_reels . 틱톡 : https://www.tiktok.com/@hanip.official . BGM : City Shopping - han
pHV4sMp7p6Q,아씨 우린가?,2025-03-15T02:00:36Z,PT8M48S,416699,7350,847,,"#트럼프 #관세 #LNG  . 비즈니스 문의 : scopepublic@naver.com . 인스타그램 : https://www.instagram.com/hanip_reels . 틱톡 : https://www.tiktok.com/@hanip.official  . 업로드 일정 : 매주 토요일 오전 11시 . 욕설, 혐오 및 차별 표현, 타인에 대한 공격, 가짜"
TY9ZUMY9m_s,한국에서 조선족이 줄어든다?,2025-03-08T02:03:15Z,PT9M47S,940792,13943,5816,,"#조선족 #MZ #외국인노동자  . 비즈니스 문의 : scopepublic@naver.com . 인스타그램 : https://www.instagram.com/hanip_reels . 틱톡 : https://www.tiktok.com/@hanip.official  . 업로드 일정 : 매주 토요일 오전 11시 . 욕설, 혐오 및 차별 표현, 타인에 대한 공격,"
hZYUmShskb0,요즘 안 팔린다는 음료들 근황,2025-03-01T02:00:37Z,PT13M20S,605127,8806,1414,,"#제로 #음료 #아침햇살  . 비즈니스 문의 : scopepublic@naver.com . 인스타그램 : https://www.instagram.com/hanip_reels . 틱톡 : https://www.tiktok.com/@hanip.official  . 업로드 일정 : 매주 토요일 오전 11시 . 욕설, 혐오 및 차별 표현, 타인에 대한 공격, 가짜"
2fVh4ajVh0U,초고속으로 재벌된 트럼프,2025-02-22T02:00:02Z,PT11M35S,368267,5358,384,,"#트럼프 #트럼프가문 #재벌  . 비즈니스 문의 : scopepublic@naver.com . 인스타그램 : https://www.instagram.com/hanip_reels . 틱톡 : https://www.tiktok.com/@hanip.official  . 업로드 일정 : 매주 토요일 오전 11시 . 욕설, 혐오 및 차별 표현, 타인에 대한 공격, "
Udo6yLbIJrE,학벌 사회 포기 못하는 이유,2025-02-15T02:00:21Z,PT10M20S,657596,8333,1810,,"#사교육 #교육비 #학벌  . 비즈니스 문의 : scopepublic@naver.com . 인스타그램 : https://www.instagram.com/hanip_reels . 틱톡 : https://www.tiktok.com/@hanip.official  . 업로드 일정 : 매주 토요일 오전 11시 . 욕설, 혐오 및 차별 표현, 타인에 대한 공격, 가짜"
jqbqTq6w1g8,샤넬도 힘들다! 명품 끊은 2030,2025-02-01T02:00:36Z,PT9M20S,918344,10526,1832,,"#명품 #샤넬 #에르메스  . 비즈니스 문의 : scopepublic@naver.com . 인스타그램 : https://www.instagram.com/hanip_reels . 틱톡 : https://www.tiktok.com/@hanip.official  . 업로드 일정 : 매주 토요일 오전 11시 . 욕설, 혐오 및 차별 표현, 타인에 대한 공격, 가짜"
udz1TgZVvH0,선진국 한국 청년이 가난해지는 과정,2025-01-25T02:00:38Z,PT10M2S,952549,12284,2972,,"#청년빈곤 #알지? #물가  😆 알지? 다운받기 https://esgrz.kr/info.html  . 이벤트 1  - 추천인 코드 '지식한입' 입력 시 300rz 지급  . 이벤트 2  - '지식한입' 입력 후, 알지? 앱 미션 탭에서 '지식한입x알지? 이벤트 미션' 참여  - 참여자 중 300명을 추첨하여 2월 10일(월) 컴포즈 아메리카노 기프티콘 발송"
PnBxrNMJzeo,다이소 제2의 전성기를 이끈 의외의 물건,2025-01-11T02:00:14Z,PT10M47S,495227,7094,904,,"#다이소 #화장품 #물가  . 비즈니스 문의 : scopepublic@naver.com . 인스타그램 : https://www.instagram.com/hanip_reels . 틱톡 : https://www.tiktok.com/@hanip.official  . 업로드 일정 : 매주 토요일 오전 11시 . 욕설, 혐오 및 차별 표현, 타인에 대한 공격, 가짜"
cZlmk-XlpeA,열심히 살았을 뿐인데... 가난해진다면?,2025-01-07T09:00:42Z,PT9M50S,347744,5508,1325,,#연금 #노인빈곤 #노후  . 본 영상은 '우리은행'의 유료 광고 내용을 포함하고 있습니다 . 준법감시인 심의필 2024-12591(2024.12.12~2026.11.30)  [유의사항] * [DC/IRP]이 퇴직연금은 예금자보호법에 따라 예금보호대상 금융상품으로 운용되는 적립금에 대하여 다른 보호상품과는 별도로 1인당 “5천만원까지”(운용되는 금융상품 판
g9PfImWnJJM,어려움에 빠진 일본 서민 경제,2024-11-23T02:00:31Z,PT10M43S,881930,13459,2626,,"#일본 #라멘 #엔저  . 비즈니스 문의 : scopepublic@naver.com . 인스타그램 : https://www.instagram.com/hanip_reels . 틱톡 : https://www.tiktok.com/@hanip.official  . 업로드 일정 : 매주 토요일 오전 11시 . 욕설, 혐오 및 차별 표현, 타인에 대한 공격, 가짜 뉴"
BYm7fO6t2dM,이딴 거 먹으려고 태어난 사람,2024-11-18T09:00:11Z,PT2M31S,217675,7333,1119,,"#닭가슴살 #다이어트 #식단  . 비즈니스 문의 : scopepublic@naver.com . 인스타그램 : https://www.instagram.com/hanip_reels . 틱톡 : https://www.tiktok.com/@hanip.official  . 업로드 일정 : 매주 토요일 오전 11시 . 욕설, 혐오 및 차별 표현, 타인에 대한 공격, "
RQGq_2HxKaY,처음으로 제 얘기를 꺼내 봅니다,2024-11-16T02:00:13Z,PT9M54S,914069,40691,6251,,"#지식한입 #소통 #거지  . 비즈니스 문의 : scopepublic@naver.com . 인스타그램 : https://www.instagram.com/hanip_reels . 틱톡 : https://www.tiktok.com/@hanip.official  . 업로드 일정 : 매주 토요일 오전 11시 . 욕설, 혐오 및 차별 표현, 타인에 대한 공격, 가짜"
aJeEVp4j9Xc,한껏 우아해진 술자리,2024-11-02T02:00:00Z,PT13M52S,527353,6381,1240,,#맥주 #소주 #위스키  헤이딜러 이벤트 참여하고 차량 지원금 받아 가세요! heydealer-event9.com 500만 원 당첨되면 환승입니다 😀    . 비즈니스 문의 : scopepublic@naver.com . 인스타그램 : https://www.instagram.com/hanip_reels . 틱톡 : https://www.tiktok.com/@
lyWhEpZHxRA,혼돈의 이혼 트렌드,2024-10-26T02:00:24Z,PT11M11S,1368453,12972,2980,,#이혼 #외도 #재산분할  . 법무법인 재현  - 홈페이지 : https://www.jaehyunlaw.co.kr  - 유튜브 : https://www.youtube.com/@divorce_lawer_Jaehyun  - 웹툰 : https://www.instagram.com/jhlaw_story  - 상담 전화    - (서울) 1811-8872     -
YZkhyBxnAIM,문신은 대체 어떤 사람들이 할까?,2024-10-15T08:34:38Z,PT51S,60679,505,157,,#문신 #문돼 #한소희  . 비즈니스 문의 : scopepublic@naver.com . 인스타그램 : https://www.instagram.com/hanip_reels . 틱톡 : https://www.tiktok.com/@hanip.official . BGM : Muscle Crusher - hanip  - 검색 안될 경우 ‘Muscle Crusher
l2GTViSBX0M,결국 패션이 돼 버린 문신,2024-10-12T02:00:32Z,PT11M26S,920279,9965,6412,,"#문신 #타투 #문신제거  . 비즈니스 문의 : scopepublic@naver.com . 인스타그램 : https://www.instagram.com/hanip_reels . 틱톡 : https://www.tiktok.com/@hanip.official  . 업로드 일정 : 매주 토요일 오전 11시 . 욕설, 혐오 및 차별 표현, 타인에 대한 공격, 가짜"
woqzdz49O0k,쓰레기 뒤져서 연명하는 마을,2024-10-10T08:31:58Z,PT55S,37536,458,17,,#쓰레기산 #우간다 #쓰레기 #지식한입   . 비즈니스 문의 : scopepublic@naver.com . 인스타그램 : https://www.instagram.com/hanip_reels . 틱톡 : https://www.tiktok.com/@hanip.official . BGM : Idiot Guys - hanip  - 검색 안될 경우 ‘Idiot Gu
BkqyzqPYTnk,"아직 못 가봤는데, 재오픈 해주세요 성재형",2024-10-07T08:00:08Z,PT57S,108121,1030,76,,#파인다이닝 #흑백요리사 #안성재   . 비즈니스 문의 : scopepublic@naver.com . 인스타그램 : https://www.instagram.com/hanip_reels . 틱톡 : https://www.tiktok.com/@hanip.official . BGM : Mexican Tavern - hanip  - 검색 안될 경우 ‘Mexican
P-2zuD_Zhn8,요즘 애들은 뭐하고 놀까?,2024-10-05T02:00:12Z,PT10M27S,799870,9720,1284,,"#mz #10대 #20대  . 비즈니스 문의 : scopepublic@naver.com . 인스타그램 : https://www.instagram.com/hanip_reels . 틱톡 : https://www.tiktok.com/@hanip.official  . 업로드 일정 : 매주 토요일 오전 11시 . 욕설, 혐오 및 차별 표현, 타인에 대한 공격, 가짜"
DnOAIOLwbAA,한국이 선망하던 유럽의 위기,2024-09-28T02:00:12Z,PT9M47S,1327511,17394,3519,,"#유럽 #친환경 #전기차   . 비즈니스 문의 : scopepublic@naver.com . 인스타그램 : https://www.instagram.com/hanip_reels . 틱톡 : https://www.tiktok.com/@hanip.official  . 업로드 일정 : 매주 토요일 오전 11시 . 욕설, 혐오 및 차별 표현, 타인에 대한 공격, 가"
JtPok7sPA9k,요즘 진짜 심각한 AI 피싱,2024-09-26T09:00:30Z,PT1M,47945,607,25,,#AI #인공지능 #피싱 #신종보이스피싱 #디지털성범죄  . 비즈니스 문의 : scopepublic@naver.com . 인스타그램 : https://www.instagram.com/hanip_reels . 틱톡 : https://www.tiktok.com/@hanip.official . BGM : Idiot Guys - hanip  - 검색 안될 경우 ‘
RvwFyt8TMEY,비행기에서 벨트 안 차면 겪을 수 있는 것,2024-09-25T08:00:29Z,PT52S,67155,894,58,,#난기류 #여행 #비행기 #지식한입   . 비즈니스 문의 : scopepublic@naver.com . 인스타그램 : https://www.instagram.com/hanip_reels . 틱톡 : https://www.tiktok.com/@hanip.official . BGM : Muscle Crusher - hanip  - 검색 안될 경우 ‘Muscle
eKPsoZ-HHWM,트렌스젠더도 군대에 갈까?,2024-09-18T02:00:27Z,PT1M,67081,730,50,,#태국 #트렌스젠더 #군대 #지식한입   . 비즈니스 문의 : scopepublic@naver.com . 인스타그램 : https://www.instagram.com/hanip_reels . 틱톡 : https://www.tiktok.com/@hanip.official . BGM : Idiot Guys - hanip  - 검색 안될 경우 ‘Idiot Guy
V4YsVs-2JZI,예뻐서 출세했어요,2024-09-17T05:21:11Z,PT57S,112227,1052,86,,#트렌스젠더 #태국 #트젠 #지식한입   . 비즈니스 문의 : scopepublic@naver.com . 인스타그램 : https://www.instagram.com/hanip_reels . 틱톡 : https://www.tiktok.com/@hanip.official . BGM : City Shopping - hanip  - 검색 안될 경우 ‘City S
OyglXtQimqU,평생 알바족의 등장,2024-09-14T02:00:11Z,PT10M2S,751953,10372,3367,,"#프리터 #알바 #프리터댄스  . 비즈니스 문의 : scopepublic@naver.com . 인스타그램 : https://www.instagram.com/hanip_reels . 틱톡 : https://www.tiktok.com/@hanip.official  . 업로드 일정 : 매주 토요일 오전 11시 . 욕설, 혐오 및 차별 표현, 타인에 대한 공격, "
1zths2JLTjo,흑인의 99.9%가 곱슬인 이유,2024-09-13T08:00:27Z,PT56S,335792,4015,112,,#곱슬 #머리 #지식한입   . 비즈니스 문의 : scopepublic@naver.com . 인스타그램 : https://www.instagram.com/hanip_reels . 틱톡 : https://www.tiktok.com/@hanip.official . BGM : Idiot Guys - hanip  - 검색 안될 경우 ‘Idiot Guys - JPX
X7YpGvu4gyU,고통 없는 안락사 가능해진다던데?,2024-09-10T08:00:19Z,PT53S,48358,970,139,,. 비즈니스 문의 : scopepublic@naver.com . 인스타그램 : https://www.instagram.com/hanip_reels . 틱톡 : https://www.tiktok.com/@hanip.official . BGM : Idiot Guys - hanip  - 검색 안될 경우 ‘Idiot Guys - JPX862420802’로 검색하세
CjJa3xyt1Nw,미국 최초 여자 대통령 가능?,2024-09-07T02:00:05Z,PT13M18S,511001,8175,1047,,#해리스 #트럼프 #대선  더미식 만두 35% 할인 특가! 아래 링크를 눌러 구매하세요! https://the-mishik.com/surl/P/514     . 비즈니스 문의 : scopepublic@naver.com . 인스타그램 : https://www.instagram.com/hanip_reels . 틱톡 : https://www.tiktok.com/
nzja-Hxf6ms,이게 다 LG가 하는 거라고?,2024-08-31T02:00:24Z,PT11M49S,286152,5410,2915,,#LG #모빌리티 #ai  * 본 콘텐츠는 LG전자의 제작지원을 받아 제작되었습니다 다양한 공간으로 경험을 확장하고 있는 LG전자의 새로운 모습이 궁금하다면? 아래 풀 영상을 확인해주세요!!! https://www.youtube.com/watch?v=HoVmJGD1Jkc     . 비즈니스 문의 : scopepublic@naver.com . 인스타그램 : 
zDGQ_v4FEJM,돼지 : 한국인 개 싫어 진짜ㅡㅡ,2024-08-27T08:00:42Z,PT1M,70894,973,109,,#삽겹살 #돼지 #고기 #돼지고기 #지식한입  . 비즈니스 문의 : scopepublic@naver.com . 인스타그램 : https://www.instagram.com/hanip_reels . 틱톡 : https://www.tiktok.com/@hanip.official . BGM : Idiot Guys - hanip  - 검색 안될 경우 ‘Idiot 
GDvH4TPe8aE,중국 비혼주의 증가 이유,2024-08-24T02:00:11Z,PT9M42S,558481,7785,2641,,"#중국 #결혼 #비혼  . 비즈니스 문의 : scopepublic@naver.com . 인스타그램 : https://www.instagram.com/hanip_reels . 틱톡 : https://www.tiktok.com/@hanip.official  . 업로드 일정 : 매주 토요일 오전 11시 . 욕설, 혐오 및 차별 표현, 타인에 대한 공격, 가짜 뉴"
vYyfHeOFNDw,너네 그런 취향이야?,2024-08-20T08:05:34Z,PT58S,126674,1308,60,,#고기 #위꼴 #야식 #지식한입    . 비즈니스 문의 : scopepublic@naver.com . 인스타그램 : https://www.instagram.com/hanip_reels . 틱톡 : https://www.tiktok.com/@hanip.official . BGM : Mexican Tavern - hanip  - 검색 안될 경우 ‘Mexican
NIVt50Qoags,갱단에 나라 먹힌 아이티,2024-08-17T02:00:11Z,PT10M31S,610687,6651,1076,,"#아이티 #갱단 #역사  . 비즈니스 문의 : scopepublic@naver.com . 인스타그램 : https://www.instagram.com/hanip_reels . 틱톡 : https://www.tiktok.com/@hanip.official  . 업로드 일정 : 매주 토요일 오전 11시 . 욕설, 혐오 및 차별 표현, 타인에 대한 공격, 가짜 "
2VIAALO39co,10% 싸게 회 떠먹기,2024-08-16T10:00:02Z,PT1M,32806,426,17,,#카드형온누리상품권 #전통시장 #상점가 #10%할인 #소상공인시장진흥공단  *이 영상은 소상공인시장진흥공단으로부터 제작비를 지원받아 제작되었습니다  . 비즈니스 문의 : scopepublic@naver.com . 인스타그램 : https://www.instagram.com/hanip_reels . 틱톡 : https://www.tiktok.com/@hani
xeYrfhfqpU0,딸 VS 아들,2024-08-12T08:02:48Z,PT51S,111940,1174,388,,#딸 #아들 #여아선호 #남아선호 #지식한입  . 비즈니스 문의 : scopepublic@naver.com . 인스타그램 : https://www.instagram.com/hanip_reels . 틱톡 : https://www.tiktok.com/@hanip.official . BGM : City Shopping - hanip  - 검색 안될 경우 ‘Cit
IRi51DwUYEI,"편식하던 아이, 잡식하는 어른 된다",2024-08-03T02:00:13Z,PT11M28S,913380,11426,1279,,"#잡식 #해산물 #고기  . 비즈니스 문의 : scopepublic@naver.com . 인스타그램 : https://www.instagram.com/hanip_reels . 틱톡 : https://www.tiktok.com/@hanip.official  . 업로드 일정 : 매주 토요일 오전 11시 . 욕설, 혐오 및 차별 표현, 타인에 대한 공격, 가짜 "
dpIjve3Rt18,여기 일본인 한 명 추가요,2024-08-01T08:00:21Z,PT47S,332927,3484,534,,#삼성 #갤럭시 #일본 #지식한입  . 비즈니스 문의 : scopepublic@naver.com . 인스타그램 : https://www.instagram.com/hanip_reels . 틱톡 : https://www.tiktok.com/@hanip.official . BGM : Idiot Guys - hanip  - 검색 안될 경우 ‘Idiot Guys -
GnY7hDC_uv8,결국은 이게 문제였다?,2024-07-31T08:00:10Z,PT9M56S,576803,8546,727,,"#티몬 #위메프 #큐텐   . 비즈니스 문의 : scopepublic@naver.com . 인스타그램 : https://www.instagram.com/hanip_reels . 틱톡 : https://www.tiktok.com/@hanip.official  . 업로드 일정 : 매주 토요일 오전 11시 . 욕설, 혐오 및 차별 표현, 타인에 대한 공격, 가짜"
MBFtc6okci4,먹어보면 혀가 얼얼하게 마비된다고,2024-07-29T08:59:11Z,PT51S,210274,2454,127,,#명란 #복어 #복어알 #일본  . 비즈니스 문의 : scopepublic@naver.com . 인스타그램 : https://www.instagram.com/hanip_reels . 틱톡 : https://www.tiktok.com/@hanip.official . BGM : City Shopping - hanip  - 검색 안될 경우 ‘City Shoppi
qd1wvf80ni8,밥 볶아 먹는 건 못 참지,2024-07-26T08:00:36Z,PT44S,199996,2385,75,,#감자탕  #뼈해장국 #뼈다귀해장국   . 비즈니스 문의 : scopepublic@naver.com . 인스타그램 : https://www.instagram.com/hanip_reels . 틱톡 : https://www.tiktok.com/@hanip.official . BGM : Muscle Crusher - hanip  - 검색 안될 경우 ‘Muscle
dkWVmEDc_B8,비흡연자 : 당장 진행시켜,2024-07-22T08:00:18Z,PT40S,93821,1209,310,,#담배 #흡연 #뉴질랜드   . 비즈니스 문의 : scopepublic@naver.com . 인스타그램 : https://www.instagram.com/hanip_reels . 틱톡 : https://www.tiktok.com/@hanip.official . BGM : City Shopping - hanip  - 검색 안될 경우 ‘City Shopping
f-T6J3i4yv4,책 : 읽..어..줘..,2024-07-18T08:00:23Z,PT46S,29847,574,73,,#독서 #도서정가제 #책 #도파민  . 비즈니스 문의 : scopepublic@naver.com . 인스타그램 : https://www.instagram.com/hanip_reels . 틱톡 : https://www.tiktok.com/@hanip.official . BGM : Idiot Guys - hanip  - 검색 안될 경우 ‘Idiot Guys -
1t9EnQPz8rQ,마 이게 외교다,2024-07-16T08:00:01Z,PT54S,187856,3166,142,,#치킨 #전투기 #태국  . 비즈니스 문의 : scopepublic@naver.com . 인스타그램 : https://www.instagram.com/hanip_reels . 틱톡 : https://www.tiktok.com/@hanip.official . BGM : Muscle Crusher - hanip  - 검색 안될 경우 ‘Muscle Crusher
bydIoXblfzM,국뽕 충전용 영상,2024-07-11T08:00:22Z,PT48S,65805,1026,43,,#만두 #비비고 #CJ  . 비즈니스 문의 : scopepublic@naver.com . 인스타그램 : https://www.instagram.com/hanip_reels . 틱톡 : https://www.tiktok.com/@hanip.official . BGM : Muscle Crusher - hanip  - 검색 안될 경우 ‘Muscle Crusher
6tXKbfjjB3g,일이 없다는 배우들,2024-07-09T08:00:04Z,PT36S,142941,1512,150,,#배우 #한예슬 #드라마  . 비즈니스 문의 : scopepublic@naver.com . 인스타그램 : https://www.instagram.com/hanip_reels . 틱톡 : https://www.tiktok.com/@hanip.official . BGM : City Shopping - hanip  - 검색 안될 경우 ‘City Shopping 
PWLAgqh2S4k,관광객만 꿀 빤다는 엔저 근황,2024-07-02T08:00:12Z,PT40S,88073,936,110,,#엔화 #일본 #일본여행  . 비즈니스 문의 : scopepublic@naver.com . 인스타그램 : https://www.instagram.com/hanip_reels . 틱톡 : https://www.tiktok.com/@hanip.official . BGM : City Shopping - hanip  - 검색 안될 경우 ‘City Shopping 
JBG3xo6EHZ8,결혼 저점 매수 실패한 사람이 만든 영상,2024-06-15T02:00:09Z,PT10M40S,670952,8904,2641,,"#결혼 #예식 #결혼비용  . 비즈니스 문의 : scopepublic@naver.com . 인스타그램 : https://www.instagram.com/hanip_reels . 틱톡 : https://www.tiktok.com/@hanip.official  . 업로드 일정 : 매주 토요일 오전 11시 . 욕설, 혐오 및 차별 표현, 타인에 대한 공격, 가짜"
Gu43LbUmgsI,남미인은 육식동물이다,2024-06-13T03:10:00Z,PT46S,95322,997,60,,#아사도 #아르헨티나 #소고기  . 비즈니스 문의 : scopepublic@naver.com . 인스타그램 : https://www.instagram.com/hanip_reels . 틱톡 : https://www.tiktok.com/@hanip.official . BGM : Muscle Crusher - hanip  - 검색 안될 경우 ‘Muscle Cru
Wb8c5xdAJwI,폰 = 아이폰인 나라,2024-06-11T06:00:12Z,PT35S,472515,6264,397,,#아이폰15프로 #아이폰16 #일본  . 비즈니스 문의 : scopepublic@naver.com . 인스타그램 : https://www.instagram.com/hanip_reels . 틱톡 : https://www.tiktok.com/@hanip.official . BGM : City Shopping - hanip  - 검색 안될 경우 ‘City Sho
nR3V6xqYUh4,반짝 유행일 줄 알았는데?,2024-06-06T02:00:24Z,PT46S,62053,852,35,,#불닭 #불닭볶음면 #buldaknoodles   . 비즈니스 문의 : scopepublic@naver.com . 인스타그램 : https://www.instagram.com/hanip_reels . 틱톡 : https://www.tiktok.com/@hanip.official . BGM : Muscle Crusher - hanip  - 검색 안될 경우 ‘
unhQuh44vfo,국뽕 제조기로 거듭난 김 근황,2024-06-05T02:05:00Z,PT46S,47219,686,40,,#김 #k푸드 #국뽕  . 비즈니스 문의 : scopepublic@naver.com . 인스타그램 : https://www.instagram.com/hanip_reels . 틱톡 : https://www.tiktok.com/@hanip.official . BGM : Muscle Crusher - hanip  - 검색 안될 경우 ‘Muscle Crusher 
IS6z7G0yk5w,미국 애기 울릴 정도로 잘 나가는 불달 근황,2024-06-01T02:00:07Z,PT10M25S,401414,5984,695,,"#불닭 #불닭볶음면 #먹방  . 비즈니스 문의 : scopepublic@naver.com . 인스타그램 : https://www.instagram.com/hanip_reels . 틱톡 : https://www.tiktok.com/@hanip.official  . 업로드 일정 : 매주 토요일 오전 11시 . 욕설, 혐오 및 차별 표현, 타인에 대한 공격, 가"
v9PZXKkK83c,김씨 일가의 GTA,2024-05-31T08:00:30Z,PT27S,182813,2843,166,,#북한 #볼보 #gta   . 비즈니스 문의 : scopepublic@naver.com . 인스타그램 : https://www.instagram.com/hanip_reels . 틱톡 : https://www.tiktok.com/@hanip.official . BGM : Mexican Tavern - hanip  - 검색 안될 경우 ‘Mexican Taver
BcuWq83RC54,아 진짜 안 취했다고~,2024-05-28T09:00:13Z,PT31S,53262,734,41,,#우유 #르완다  . 비즈니스 문의 : scopepublic@naver.com . 인스타그램 : https://www.instagram.com/hanip_reels . 틱톡 : https://www.tiktok.com/@hanip.official . BGM : City Shopping - hanip  - 검색 안될 경우 ‘City Shopping - JPX
m1lZxGx4vQA,미국도 포기한 나라,2024-05-25T02:00:16Z,PT11M40S,928692,9099,843,,"#소말리아 #해적 #모가디슈  . 비즈니스 문의 : scopepublic@naver.com . 인스타그램 : https://www.instagram.com/hanip_reels . 틱톡 : https://www.tiktok.com/@hanip.official  . 업로드 일정 : 매주 토요일 오전 11시 . 욕설, 혐오 및 차별 표현, 타인에 대한 공격, "
sCvgGr2lN8Y,물가 비싼 제주도 보단 일본 간다는 말이 많던데…,2024-05-22T03:05:00Z,PT40S,64063,762,59,,#일본 #일본여행 #엔저  . 비즈니스 문의 : scopepublic@naver.com . 인스타그램 : https://www.instagram.com/hanip_reels . 틱톡 : https://www.tiktok.com/@hanip.official . BGM : City Shopping - hanip  - 검색 안될 경우 ‘City Shopping 
Jkyw1F8DKZc,대통령 당시 월급의 90%를 기부했대요,2024-05-21T06:50:11Z,PT47S,72292,1537,103,,#가난한 #대통령  . 비즈니스 문의 : scopepublic@naver.com . 인스타그램 : https://www.instagram.com/hanip_reels . 틱톡 : https://www.tiktok.com/@hanip.official . BGM : City Shopping - hanip  - 검색 안될 경우 ‘City Shopping - JP
5O2Gvh41kFA,세계에서 가장 비싼 노래 주머니를 찬 사람,2024-05-17T08:00:02Z,PT48S,52182,756,44,,#테일러 #테일러스위프트  . 비즈니스 문의 : scopepublic@naver.com . 인스타그램 : https://www.instagram.com/hanip_reels . 틱톡 : https://www.tiktok.com/@hanip.official . BGM : Muscle Crusher - hanip  - 검색 안될 경우 ‘Muscle Crushe
z3zQDf5VKZM,추락하는데만 12초 걸림,2024-05-16T05:00:27Z,PT37S,40514,499,22,,#부르즈할리파 #삼성물산 #빌딩  . 비즈니스 문의 : scopepublic@naver.com . 인스타그램 : https://www.instagram.com/hanip_reels . 틱톡 : https://www.tiktok.com/@hanip.official . BGM : Muscle Crusher - hanip  - 검색 안될 경우 ‘Muscle Cr
8wXk2hAEfGw,아이스크림 할인점이 싼 이유,2024-05-15T03:05:00Z,PT38S,79543,1119,84,,#아이스크림 #무인매장 #물가  . 비즈니스 문의 : scopepublic@naver.com . 인스타그램 : https://www.instagram.com/hanip_reels . 틱톡 : https://www.tiktok.com/@hanip.official . BGM : City Shopping - hanip  - 검색 안될 경우 ‘City Shoppi
MvSmNBr4JZQ,고물가에 싸게 팔고 남겨먹기까지,2024-05-11T02:00:10Z,PT10M28S,660989,9833,1809,,"#성심당 #빵 #대전역  . 비즈니스 문의 : scopepublic@naver.com . 인스타그램 : https://www.instagram.com/hanip_reels . 틱톡 : https://www.tiktok.com/@hanip.official  . 업로드 일정 : 매주 토요일 오전 11시 . 욕설, 혐오 및 차별 표현, 타인에 대한 공격, 가짜 "
1JIl9wFW2VM,처벌 기준 약하게 하니 이런 일이…?,2024-05-10T06:00:00Z,PT47S,43884,574,92,,#미국 #약탈 #범죄  . 비즈니스 문의 : scopepublic@naver.com . 인스타그램 : https://www.instagram.com/hanip_reels . 틱톡 : https://www.tiktok.com/@hanip.official . BGM : City Shopping - hanip  - 검색 안될 경우 ‘City Shopping - 
RLPqlu2JmK4,(네 돈으로) 먹여주고 재워주는 감빵,2024-05-09T05:00:19Z,PT37S,45846,655,65,,#교도소 #엘살바도르 #갱단  . 비즈니스 문의 : scopepublic@naver.com . 인스타그램 : https://www.instagram.com/hanip_reels . 틱톡 : https://www.tiktok.com/@hanip.official . BGM : Muscle Crusher - hanip  - 검색 안될 경우 ‘Muscle Crus
JO3TgF-BFSg,?? : 샐러드만 먹어도 쪄요,2024-05-08T11:00:16Z,PT45S,53217,702,33,,#푸바오 #판다 #초식동물  . 비즈니스 문의 : scopepublic@naver.com . 인스타그램 : https://www.instagram.com/hanip_reels . 틱톡 : https://www.tiktok.com/@hanip.official . BGM : Idiot Guys - hanip  - 검색 안될 경우 ‘Idiot Guys - JPX
ccqFYoPGwTc,제로 콜라가 살린 나라,2024-05-07T10:00:25Z,PT44S,100377,1206,34,,#콜라 #멕시코  . 비즈니스 문의 : scopepublic@naver.com . 인스타그램 : https://www.instagram.com/hanip_reels . 틱톡 : https://www.tiktok.com/@hanip.official . BGM : Mexican Tavern - hanip  - 검색 안될 경우 ‘Mexican Tavern - J
zxgJ1kcc7Gg,강원도의 좀 심하게 아픈 손가락,2024-05-02T02:28:39Z,PT45S,358014,4033,749,,#레고랜드 #강원도  . 비즈니스 문의 : scopepublic@naver.com . 인스타그램 : https://www.instagram.com/hanip_reels . 틱톡 : https://www.tiktok.com/@hanip.official . BGM : City Shopping - hanip  - 검색 안될 경우 ‘City Shopping - J
94UkJRqAa6E,아 달라고 ㅋ,2024-05-01T02:40:06Z,PT41S,66255,1124,150,,. 비즈니스 문의 : scopepublic@naver.com . 인스타그램 : https://www.instagram.com/hanip_reels . 틱톡 : https://www.tiktok.com/@hanip.official . BGM : City Shopping - hanip  - 검색 안될 경우 ‘City Shopping - JPX862420801’
sH2cXnyBOpQ,추락하는 케이팝,2024-04-27T02:00:20Z,PT10M23S,777089,11348,2418,,"#민희진 #뉴진스 #하이브  . 비즈니스 문의 : scopepublic@naver.com . 인스타그램 : https://www.instagram.com/hanip_reels . 틱톡 : https://www.tiktok.com/@hanip.official  . 업로드 일정 : 매주 토요일 오전 11시 . 욕설, 혐오 및 차별 표현, 타인에 대한 공격, 가"
wc91Q0auuww,지금부터 서로 죽여라...,2024-04-06T02:00:21Z,PT10M32S,480064,6762,1282,,"#배달 #배달앱 #배달의민족  . 비즈니스 문의 : scopepublic@naver.com . 인스타그램 : https://www.instagram.com/hanip_reels . 틱톡 : https://www.tiktok.com/@hanip.official  . 업로드 일정 : 매주 토요일 오전 11시 . 욕설, 혐오 및 차별 표현, 타인에 대한 공격, "
HyG9YDQ9c44,한국은 여초 국가가 될 수 있을까?,2024-03-16T02:00:07Z,PT9M57S,701833,8566,4815,,"#남아선호 #여아선호 #성비  . 비즈니스 문의 : scopepublic@naver.com . 인스타그램 : https://www.instagram.com/hanip_reels . 틱톡 : https://www.tiktok.com/@hanip.official  . 업로드 일정 : 매주 토요일 오전 11시 . 욕설, 혐오 및 차별 표현, 타인에 대한 공격, "
oWDKrrgIq1I,"안 산 나, 엎드려",2024-03-13T03:41:29Z,PT40S,67957,659,65,,"#엔비디아 #인공지능 #ai  . 비즈니스 문의 : scopepublic@naver.com . 인스타그램 : https://www.instagram.com/hanip_reels . 틱톡 : https://www.tiktok.com/@hanip.official  . 업로드 일정 : 매주 토요일 오전 11시 . 욕설, 혐오 및 차별 표현, 타인에 대한 공격, "
AHnEcW6qX30,이민각 씨게 나왔습니다,2024-02-29T06:59:12Z,PT33S,160867,2473,713,,"#출산율 #저출산 #0.6명  . 비즈니스 문의 : scopepublic@naver.com . 인스타그램 : https://www.instagram.com/hanip_reels . 틱톡 : https://www.tiktok.com/@hanip.official  . 업로드 일정 : 매주 토요일 오전 11시 . 욕설, 혐오 및 차별 표현, 타인에 대한 공격, "
fN7_p5iWqJY,결혼에 천 억 써도 검소한 남자,2024-02-21T09:00:35Z,PT44S,116709,1398,77,,"#인도 #인도부자 #부자  . 비즈니스 문의 : scopepublic@naver.com . 인스타그램 : https://www.instagram.com/hanip_reels . 틱톡 : https://www.tiktok.com/@hanip.official  . 업로드 일정 : 매주 토요일 오전 11시 . 욕설, 혐오 및 차별 표현, 타인에 대한 공격, 가짜"
RB0wXE2dYfQ,과시에 미친 나라,2024-02-13T09:00:14Z,PT30S,63168,1034,103,,"#비교문화 #명품 #사치  . 비즈니스 문의 : scopepublic@naver.com . 인스타그램 : https://www.instagram.com/hanip_reels . 틱톡 : https://www.tiktok.com/@hanip.official  . 업로드 일정 : 매주 토요일 오전 11시 . 욕설, 혐오 및 차별 표현, 타인에 대한 공격, 가짜"
vDeZnCSOhhI,태어나서 죽을 때 까지 비교당하는 한국인,2024-02-10T02:00:23Z,PT11M33S,849749,16082,3168,,"#비교문화 #결혼 #SNS  . 비즈니스 문의 : scopepublic@naver.com . 인스타그램 : https://www.instagram.com/hanip_reels . 틱톡 : https://www.tiktok.com/@hanip.official  . 업로드 일정 : 매주 토요일 오전 11시 . 욕설, 혐오 및 차별 표현, 타인에 대한 공격, 가"
PdXYz6sej7U,알고 마시면 재밌는 진로 이야기,2024-02-03T02:00:09Z,PT12M3S,196511,2742,146,,"#진로 #진로소주 #소주의원조 #소주  * 본 영상은 하이트진로의 유료 광고를 포함합니다.  오리지널 레시피의 초깔끔한 맛 소주의 원조, 진로  . 비즈니스 문의 : scopepublic@naver.com . 인스타그램 : https://www.instagram.com/hanip_reels . 틱톡 : https://www.tiktok.com/@hanip."
Q9-iaQykcGA,한국 벤치마킹하는 아프리카,2024-01-27T02:05:14Z,PT31S,49846,573,73,,"#아프리카 #여행 #새마을운동  . 비즈니스 문의 : scopepublic@naver.com . 인스타그램 : https://www.instagram.com/hanip_reels . 틱톡 : https://www.tiktok.com/@hanip.official  . 업로드 일정 : 매주 토요일 오전 11시 . 욕설, 혐오 및 차별 표현, 타인에 대한 공격,"
flCpyiSk_rA,아프리카에 웬 새마을운동?,2024-01-27T02:00:17Z,PT12M1S,750738,9187,957,,"#르완다 #아프리카 #새마을운동  . 비즈니스 문의 : scopepublic@naver.com . 인스타그램 : https://www.instagram.com/hanip_reels . 틱톡 : https://www.tiktok.com/@hanip.official  . 업로드 일정 : 매주 토요일 오전 11시 . 욕설, 혐오 및 차별 표현, 타인에 대한 공격"
xrEHiDRE_3g,떨어져라 얍!,2024-01-18T10:45:34Z,PT53S,57484,772,56,,"#집값 #부동산 #PF  . 비즈니스 문의 : scopepublic@naver.com . 인스타그램 : https://www.instagram.com/hanip_reels . 틱톡 : https://www.tiktok.com/@hanip.official  . 업로드 일정 : 매주 토요일 오전 11시 . 욕설, 혐오 및 차별 표현, 타인에 대한 공격, 가짜 "
CGQOZNm8RuE,빵값 이거 맞아?,2024-01-10T10:00:15Z,PT43S,99195,1787,267,,"#빵값 #빵 #물가 #고물가 #인플레이션   . 업로드 일정 : 매주 토요일 오전 11시 . 영상 편집 툴 : Premiere Pro, After Effect . Ending BGM : Feeling Alright - Gavin Luke . 비즈니스 문의 : scopepublic@naver.com . 욕설, 혐오 및 차별 표현, 타인에 대한 공격, 가짜 뉴"
SKH2LCI-p18,왜 일본은 맨날 지진이 날까?,2024-01-02T09:10:24Z,PT43S,98010,1583,97,,"#shorts #일본지진 #일본 #지진  . 업로드 일정 : 매주 토요일 오전 11시 . 영상 편집 툴 : Premiere Pro, After Effect . Ending BGM : Feeling Alright - Gavin Luke . 비즈니스 문의 : scopepublic@naver.com . 욕설, 혐오 및 차별 표현, 타인에 대한 공격, 가짜 뉴스,"
emY5wOWL43g,"방 하나 월세 300, 여기서 어떻게 살아...",2023-12-09T02:00:15Z,PT11M46S,832731,8717,862,,"#스위스 #물가 #부동산  . 업로드 일정 : 매주 토요일 오전 11시 . 영상 편집 툴 : Premiere Pro, After Effect . Ending BGM : Feeling Alright - Gavin Luke . 비즈니스 문의 : scopepublic@naver.com . 욕설, 혐오 및 차별 표현, 타인에 대한 공격, 가짜 뉴스, 링크 등이 포"
GuntPxBBvjk,바닥 아래 바닥,2023-10-28T02:00:06Z,PT11M3S,601034,9577,3921,,"#출산율 #연습생 #아이돌  . 업로드 일정 : 매주 토요일 오전 11시 . 영상 편집 툴 : Premiere Pro, After Effect . Ending BGM : Feeling Alright - Gavin Luke . 비즈니스 문의 : scopepublic@naver.com . 욕설, 혐오 및 차별 표현, 타인에 대한 공격, 가짜 뉴스, 링크 등이 "
B6a17BVtSlg,"여성징병제, 모병제, 모든 옵션 꺼내는 중",2023-10-07T02:00:05Z,PT10M43S,820503,12451,8178,,"#병력감소 #모병제 #여성징병제  . 업로드 일정 : 매주 토요일 오전 11시 . 영상 편집 툴 : Premiere Pro, After Effect . Ending BGM : Feeling Alright - Gavin Luke . 비즈니스 문의 : scopepublic@naver.com . 욕설, 혐오 및 차별 표현, 타인에 대한 공격, 가짜 뉴스, 링크 "
pJ5SbALJPTM,아이폰 vs 갤럭시,2023-09-30T02:00:30Z,PT11M47S,540529,7101,2631,,"#애플 #아이폰15 #아이폰  . 업로드 일정 : 매주 토요일 오전 11시 . 영상 편집 툴 : Premiere Pro, After Effect . Ending BGM : Feeling Alright - Gavin Luke . 비즈니스 문의 : scopepublic@naver.com . 욕설, 혐오 및 차별 표현, 타인에 대한 공격, 가짜 뉴스, 링크 등이"
3Ek9LUmhDSE,돈 많다고 자랑하는 거야 뭐야,2023-09-09T02:00:00Z,PT10M54S,802322,7927,823,,"#사우디아라비아 #네옴시티 #호날두   . 업로드 일정 : 매주 토요일 오전 11시 . 영상 편집 툴 : Premiere Pro, After Effect . Ending BGM : Feeling Alright - Gavin Luke . 비즈니스 문의 : scopepublic@naver.com . 욕설, 혐오 및 차별 표현, 타인에 대한 공격, 가짜 뉴스, "
Eiw1lQRJJCE,"쿠팡, 결국... 해치운 거야?",2023-09-02T02:00:10Z,PT10M54S,1257019,14195,3159,,"#쿠팡 #cj #이마트 #홈플러스  . 업로드 일정 : 매주 토요일 오전 11시 . 영상 편집 툴 : Premiere Pro, After Effect . Ending BGM : Feeling Alright - Gavin Luke . 비즈니스 문의 : scopepublic@naver.com . 욕설, 혐오 및 차별 표현, 타인에 대한 공격, 가짜 뉴스, 링크"
RdM7Hv-SQLQ,50대 보다 성생활 없는 20대,2023-08-26T02:00:22Z,PT10M39S,885691,11797,4433,,"#연애 #결혼 #비혼  . 업로드 일정 : 매주 토요일 오전 11시 . 영상 편집 툴 : Premiere Pro, After Effect . Ending BGM : Feeling Alright - Gavin Luke . 비즈니스 문의 : scopepublic@naver.com . 욕설, 혐오 및 차별 표현, 타인에 대한 공격, 가짜 뉴스, 링크 등이 포함된"
wVGJmZaB6q0,진짜 한국인 평균을 알아보자,2023-07-29T02:00:31Z,PT9M59S,3917412,74998,7430,,"#평균 #평균올려치기 #sns  . 업로드 일정 : 매주 토요일 오전 11시 . 영상 편집 툴 : Premiere Pro, After Effect . Ending BGM : Feeling Alright - Gavin Luke . 비즈니스 문의 : scopepublic@naver.com . 욕설, 혐오 및 차별 표현, 타인에 대한 공격, 가짜 뉴스, 링크 등"
NogoSbsZ1RM,대기업들 가세한 버거 전쟁 2막,2023-07-15T02:51:31Z,PT9M12S,873829,9011,820,,"#버거 #버거킹 #맥도날드  . 업로드 일정 : 매주 토요일 오전 11시 . 영상 편집 툴 : Premiere Pro, After Effect . Ending BGM : Feeling Alright - Gavin Luke . 비즈니스 문의 : scopepublic@naver.com . 욕설, 혐오 및 차별 표현, 타인에 대한 공격, 가짜 뉴스, 링크 등이 "
Gi_kUk2qn_o,알고보니 위조지폐였다,2023-07-01T02:00:13Z,PT12M34S,272668,3710,172,,#한국은행 #위조지폐식별요령 #화폐도안이용기준   * 본 영상은 한국은행 (bok.or.kr)과 함께 했습니다.  한국은행권 위조방지장치  https://www.bok.or.kr/portal/main/contents.do?menuNo=200370  화폐도안 이용기준 https://www.bok.or.kr/portal/main/contents.do?menuN
UZxam8s54FY,학교폭력 말려도 아동학대라고?,2023-06-24T02:00:08Z,PT10M6S,486524,10665,3771,,"#교권 #학폭 #서이초  . 업로드 일정 : 매주 토요일 오전 11시 . 영상 편집 툴 : Premiere Pro, After Effect . Ending BGM : Feeling Alright - Gavin Luke . 비즈니스 문의 : scopepublic@naver.com . 욕설, 혐오 및 차별 표현, 타인에 대한 공격, 가짜 뉴스, 링크 등이 포함"
vn_zsqmlf-c,한국인들 몰래 국위선양 중인 걸그룹,2023-06-10T02:00:18Z,PT10M58S,509039,7751,979,,"#피프티피프티 #바비 #케이팝  . 업로드 일정 : 매주 토요일 오전 11시 . 영상 편집 툴 : Premiere Pro, After Effect . Ending BGM : Feeling Alright - Gavin Luke . 비즈니스 문의 : scopepublic@naver.com . 욕설, 혐오 및 차별 표현, 타인에 대한 공격, 가짜 뉴스, 링크 등"
1vXOUVLzUfs,"양극화가 낳은 사람들, 은둔형 외톨이",2023-06-03T02:00:00Z,PT11M20S,1430692,22703,4710,,"#은둔형외톨이 #히키코모리 #정유정  . 업로드 일정 : 매주 토요일 오전 11시 . 영상 편집 툴 : Premiere Pro, After Effect . Ending BGM : Feeling Alright - Gavin Luke . 비즈니스 문의 : scopepublic@naver.com . 욕설, 혐오 및 차별 표현, 타인에 대한 공격, 가짜 뉴스, 링"
xx7sPQy1T5g,절약과 사치를 오가는 소비패턴,2023-05-20T02:00:23Z,PT11M48S,1050236,15299,3264,,"#오마카세 #파인다이닝 #물가  . 업로드 일정 : 매주 토요일 오전 11시 . 영상 편집 툴 : Premiere Pro, After Effect . Ending BGM : Feeling Alright - Gavin Luke . 비즈니스 문의 : scopepublic@naver.com . 욕설, 혐오 및 차별 표현, 타인에 대한 공격, 가짜 뉴스, 링크 등"
_k5xFuoUPbw,무너지는 소아과,2023-04-29T02:00:11Z,PT12M10S,500395,9294,2799,,"#소아과 #건강보험 #의료붕괴  . 업로드 일정 : 매주 토요일 오전 11시 . 영상 편집 툴 : Premiere Pro, After Effect . Ending BGM : Feeling Alright - Gavin Luke . 비즈니스 문의 : scopepublic@naver.com . 욕설, 혐오 및 차별 표현, 타인에 대한 공격, 가짜 뉴스, 링크 등"
DWHhhJK6Mmg,한국의 미래라는 홍콩 부동산,2023-04-20T08:00:10Z,PT12M20S,704151,8062,847,,"#집값 #부동산 #홍콩  . 업로드 일정 : 매주 토요일 오전 11시 . 영상 편집 툴 : Premiere Pro, After Effect . Ending BGM : Feeling Alright - Gavin Luke . 비즈니스 문의 : scopepublic@naver.com . 욕설, 혐오 및 차별 표현, 타인에 대한 공격, 가짜 뉴스, 링크 등이 포함"
5ZSQCmHNYDU,이렇게 일해도 벤츠 BMW 만든다고 ㅋㅋ,2023-04-08T02:00:01Z,PT11M19S,833511,10596,2269,,"#독일 #근로시간 #벤츠   . 업로드 일정 : 매주 토요일 오전 11시 . 영상 편집 툴 : Premiere Pro, After Effect . Ending BGM : Feeling Alright - Gavin Luke . 비즈니스 문의 : scopepublic@naver.com . 욕설, 혐오 및 차별 표현, 타인에 대한 공격, 가짜 뉴스, 링크 등이 "
gQCtF5a_-UA,설탕 쓰면 죽는 병 걸린 식품 업계,2023-04-01T02:00:13Z,PT12M17S,628599,8469,784,,"#제로콜라 #무설탕 #코카콜라  . 업로드 일정 : 매주 토요일 오전 11시 . 영상 편집 툴 : Premiere Pro, After Effect . Ending BGM : Feeling Alright - Gavin Luke . 비즈니스 문의 : scopepublic@naver.com . 욕설, 혐오 및 차별 표현, 타인에 대한 공격, 가짜 뉴스, 링크 등"
ZZdbwaMD0K0,"가만 있어도 먹고 산다, 자원 부자 호주",2023-03-18T02:00:21Z,PT13M8S,829169,9477,699,,"#호주 #호주워홀 #호주여행  . 업로드 일정 : 매주 토요일 오전 11시 . 영상 편집 툴 : Premiere Pro, After Effect . Ending BGM : Feeling Alright - Gavin Luke . 비즈니스 문의 : scopepublic@naver.com . 욕설, 혐오 및 차별 표현, 타인에 대한 공격, 가짜 뉴스, 링크 등이"
v00IypdVfM8,"럼주와 시가, 체게바라의 나라",2023-03-11T02:00:22Z,PT11M55S,1085384,9657,460,,"#wbc #야구 #쿠바  . 업로드 일정 : 매주 토요일 오전 11시 . 영상 편집 툴 : Premiere Pro, After Effect . Ending BGM : Feeling Alright - Gavin Luke . 비즈니스 문의 : scopepublic@naver.com . 욕설, 혐오 및 차별 표현, 타인에 대한 공격, 가짜 뉴스, 링크 등이 포함"
veIJ8CWxvhQ,"학교폭력, 제대로 처벌할 수 있을까",2023-03-04T02:00:19Z,PT11M3S,530853,11829,2314,,"#학교폭력 #학폭 #더글로리  . 업로드 일정 : 매주 토요일 오전 11시 . 영상 편집 툴 : Premiere Pro, After Effect . Ending BGM : Feeling Alright - Gavin Luke . 비즈니스 문의 : scopepublic@naver.com . 욕설, 혐오 및 차별 표현, 타인에 대한 공격, 가짜 뉴스, 링크 등이"
lcwpw1X4Fuw,어차피 넷플릭스로 나올텐데...,2023-02-25T02:00:14Z,PT11M48S,649518,9024,1589,,"#영화  #영화관 #넷플릭스  . 업로드 일정 : 매주 토요일 오전 11시 . 영상 편집 툴 : Premiere Pro, After Effect . Ending BGM : Feeling Alright - Gavin Luke . 비즈니스 문의 : scopepublic@naver.com . 욕설, 혐오 및 차별 표현, 타인에 대한 공격, 가짜 뉴스, 링크 등이"
ZEfgdUmqIQk,명품의 나라! 마피아의 고향! 두 얼굴의 이탈리아! (feat. 김민재),2023-02-18T02:00:10Z,PT13M14S,603743,8355,554,,"#이탈리아 #김민재 #나폴리   . 업로드 일정 : 매주 토요일 오전 11시 . 영상 편집 툴 : Premiere Pro, After Effect . Ending BGM : Feeling Alright - Gavin Luke . 비즈니스 문의 : scopepublic@naver.com . 욕설, 혐오 및 차별 표현, 타인에 대한 공격, 가짜 뉴스, 링크 등"
mTXAiRent5c,비싼데 남는 게 없다고 하는 이유,2023-02-11T02:00:16Z,PT13M3S,1453884,17389,2670,,"#자영업 #자영업현실 #자영업자  . 업로드 일정 : 매주 토요일 오전 11시 . 영상 편집 툴 : Premiere Pro, After Effect . Ending BGM : Feeling Alright - Gavin Luke . 비즈니스 문의 : scopepublic@naver.com . 욕설, 혐오 및 차별 표현, 타인에 대한 공격, 가짜 뉴스, 링크 "
7mVMsgxjvY0,혼자서도 정말 행복할 수 있을까?,2023-02-04T02:00:04Z,PT12M37S,1628409,22362,4422,,"#연애 #연애심리 #연애예능  . 업로드 일정 : 매주 토요일 오전 11시 . 영상 편집 툴 : Premiere Pro, After Effect . Ending BGM : Feeling Alright - Gavin Luke . 비즈니스 문의 : scopepublic@naver.com . 욕설, 혐오 및 차별 표현, 타인에 대한 공격, 가짜 뉴스, 링크 등이"
1efKhRWplAc,여기가 몽골이 맞는 거죠?,2023-01-28T02:00:02Z,PT12M39S,2370939,29730,2530,,"#몽골 #이마트 #편의점  . 업로드 일정 : 매주 토요일 오전 11시 . 영상 편집 툴 : Premiere Pro, After Effect . Ending BGM : Feeling Alright - Gavin Luke . 비즈니스 문의 : scopepublic@naver.com . 욕설, 혐오 및 차별 표현, 타인에 대한 공격, 가짜 뉴스, 링크 등이 포"
ZHf-8eSfq8E,부동산 거품이 터지면 이렇게 됩니다...,2022-12-31T02:00:12Z,PT12M39S,946932,14236,931,,"#중국 #부동산 #중국경제  . 업로드 일정 : 매주 토요일 오전 11시 . 영상 편집 툴 : Premiere Pro, After Effect . Ending BGM : Feeling Alright - Gavin Luke . 비즈니스 문의 : scopepublic@naver.com . 욕설, 혐오 및 차별 표현, 타인에 대한 공격, 가짜 뉴스, 링크 등이 "
plEzvkK0mYM,나 없이 반도체 만들어 보든가~,2022-12-29T09:00:19Z,PT9M43S,785965,10859,789,,"#반도체 #어플라이드머티어리얼즈 #반도체장비  . 본 영상은 어플라이드 머티리얼즈의 지원을 받아 제작되었습니다.  . 업로드 일정 : 매주 토요일 오전 11시 . 영상 편집 툴 : Premiere Pro, After Effect . Ending BGM : Feeling Alright - Gavin Luke . 비즈니스 문의 : scopepublic@nave"
HiXp8gP_eK8,"콧대 높은 프랑스, 이유가 있구나?",2022-12-24T02:00:03Z,PT13M12S,972586,12640,1292,,"#프랑스 #프랑스여행 #명품  . 업로드 일정 : 매주 토요일 오전 11시 . 영상 편집 툴 : Premiere Pro, After Effect . Ending BGM : Feeling Alright - Gavin Luke . 비즈니스 문의 : scopepublic@naver.com . 욕설, 혐오 및 차별 표현, 타인에 대한 공격, 가짜 뉴스, 링크 등이"
aK-liZfLpmM,국가부도만 아홉번! 하지만 소고기는 매일 먹는다!,2022-12-17T02:00:01Z,PT11M40S,1349275,16138,2243,,"#메시 #아르헨티나 #펠레  . 영상은 매주 토요일 오전 11시에 게시됩니다.  . 댓글에 관한 규정   - 욕설, 가짜 뉴스, 링크 등이 포함된 댓글은 자동 삭제됩니다.   - 혐오 표현, 타인에 대한 공격은 삭제됩니다.  . 비즈니스 문의 : scopepublic@naver.com  . BGM : Feeling Alright - Gavin Luke"
wM8hYsRgLv0,맛있게 먹기를 포기한 민족,2022-12-10T02:00:30Z,PT11M41S,930837,10589,802,,"#영국음식 #영국여행 #월드컵  . 영상은 매주 토요일 오전 11시에 게시됩니다.  . 댓글에 관한 규정   - 욕설, 가짜 뉴스, 링크 등이 포함된 댓글은 자동 삭제됩니다.   - 과도한 혐오 표현, 타인에 대한 공격은 삭제됩니다.  . 비즈니스 문의 : scopepublic@naver.com  . BGM : Feeling Alright - Gavin L"
OfrWeLCO9rw,유럽인들이 치즈를 먹는 방법,2022-12-03T03:00:09Z,PT11M34S,891609,9501,415,,"#치즈 #와인 #안주  . 영상은 매주 토요일 오전 11시에 게시됩니다.  . 댓글에 관한 규정   - 욕설, 가짜 뉴스, 링크 등이 포함된 댓글은 자동 삭제됩니다.   - 과도한 혐오 표현, 타인에 대한 공격은 삭제됩니다.  . 비즈니스 문의 : scopepublic@naver.com  . BGM : Feeling Alright - Gavin Luke"
wZF6cdDTlvw,너네까지 왜 그래... / 이란 사우디 분쟁,2022-11-19T02:00:30Z,PT11M39S,590302,8322,496,,"#이란 #히잡 #사형  . 영상은 매주 토요일 오전 11시에 게시됩니다.  . 댓글에 관한 규정   - 욕설, 가짜 뉴스, 링크 등이 포함된 댓글은 자동 삭제됩니다.   - 과도한 혐오 표현, 타인에 대한 공격은 삭제됩니다.  . 비즈니스 문의 : scopepublic@naver.com  . BGM : Feeling Alright - Gavin Luke"
M2uD6nfLvM0,알고 보면 재미 100배! 싱글벙글 카타르 월드컵!,2022-11-12T02:00:09Z,PT12M33S,1445515,13998,893,,"#카타르 #카타르월드컵 #여행  . 영상은 매주 토요일 오전 11시에 게시됩니다.  . 댓글에 관한 규정   - 욕설, 가짜 뉴스, 링크 등이 포함된 댓글은 자동 삭제됩니다.   - 과도한 혐오 표현, 타인에 대한 공격은 삭제됩니다.  . 비즈니스 문의 : scopepublic@naver.com  . BGM : Feeling Alright - Gavin L"
w5EtOGTshUI,"지방소멸, 한국이 더 심각하다?",2022-10-22T02:00:14Z,PT11M19S,850045,13677,2837,,"#지방소멸 #비혼주의 #일본  . 영상은 매주 토요일 오전 11시에 게시됩니다.  . 댓글에 관한 규정   - 욕설, 가짜 뉴스, 링크 등이 포함된 댓글은 자동 삭제됩니다.   - 과도한 혐오 표현, 타인에 대한 공격은 삭제됩니다.  . 비즈니스 문의 : scopepublic@naver.com  . BGM : Feeling Alright - Gavin Lu"
PZ-ZKZyBWa4,늘어나는 국제결혼 / 빛과 그림자,2022-10-08T02:00:09Z,PT11M23S,1219851,16731,3157,,"#국제결혼 #베트남  . 영상은 매주 토요일 오전 11시에 게시됩니다.  . 댓글에 관한 규정   - 욕설, 가짜 뉴스, 링크 등이 포함된 댓글은 자동 삭제됩니다.   - 과도한 혐오 표현, 타인에 대한 공격은 삭제됩니다.  . 비즈니스 문의 : scopepublic@naver.com  . BGM : Feeling Alright - Gavin Luke"
6sEaZQN2x1I,전세계 얼마 없다는 성공한 독재자,2022-10-01T02:00:01Z,PT11M36S,1329613,17530,2739,,"#싱가포르 #독재 #여행  . 영상은 매주 토요일 오전 11시에 게시됩니다.  . 댓글에 관한 규정   - 욕설, 가짜 뉴스, 링크 등이 포함된 댓글은 자동 삭제됩니다.   - 과도한 혐오 표현, 타인에 대한 공격은 삭제됩니다.  . 비즈니스 문의 : scopepublic@naver.com  . BGM : Feeling Alright - Gavin Luke"
csPjJQ7c-yE,커피 마시면서 보세요!,2022-09-17T02:00:13Z,PT13M2S,1443092,17728,1181,,"#커피 #아메리카노 #스타벅스  . 영상은 매주 토요일 오전 11시에 게시됩니다.  . 댓글에 관한 규정   - 욕설, 가짜 뉴스, 링크 등이 포함된 댓글은 자동 삭제됩니다.   - 과도한 혐오 표현, 타인에 대한 공격은 삭제됩니다.  . 비즈니스 문의 : scopepublic@naver.com  . BGM : Feeling Alright - Gavin L"
ME20j39gPSQ,부모가 부자면 아이는 어떻게 자랄까?,2022-09-10T02:00:04Z,PT12M4S,1298279,25653,4192,,"#대물림 #빈부격차 #가난  . 영상은 매주 토요일 오전 11시에 게시됩니다.  . 댓글에 관한 규정   - 욕설, 가짜 뉴스, 링크 등이 포함된 댓글은 자동 삭제됩니다.   - 과도한 혐오 표현, 타인에 대한 공격은 삭제됩니다.  . 비즈니스 문의 : scopepublic@naver.com  . BGM : Feeling Alright - Gavin Luk"
g7JWLQpcezA,아 ㅋㅋ 일요일은 내가 짜파게티 요리사라고 ㅋㅋㅋ,2022-08-27T02:00:09Z,PT10M24S,599173,7448,580,,"#농심 #짜파게티 #짜장라면  . 본 영상은 농심의 유료 광고를 포함합니다.  . 영상은 매주 토요일 오전 11시에 게시됩니다.  . 댓글에 관한 규정   - 욕설, 가짜 뉴스, 링크 등이 포함된 댓글은 자동 삭제됩니다.   - 과도한 혐오 표현, 타인에 대한 공격은 삭제됩니다.  . 비즈니스 문의 : scopepublic@naver.com  . BGM :"
I0PHg5Q1Au8,독재자가 이렇게 무섭습니다,2022-08-20T02:00:02Z,PT13M19S,1778011,16163,1539,,"#짐바브웨 #베네수엘라 #인플레이션  . 영상은 매주 토요일 오전 11시에 게시됩니다.  . 댓글에 관한 규정   - 욕설, 가짜 뉴스, 링크 등이 포함된 댓글은 자동 삭제됩니다.   - 과도한 혐오 표현, 타인에 대한 공격은 삭제됩니다.  . 비즈니스 문의 : scopepublic@naver.com  . BGM : Feeling Alright - Gavi"
ucYa7Ud2L6w,제주도 면적 1.4배! 작은 고추 룩셈부르크가 간다! 얍!,2022-08-13T02:00:25Z,PT13M2S,1061014,13291,780,,"#룩셈부르크 #부자  . 영상은 매주 토요일 오전 11시에 게시됩니다.  . 댓글에 관한 규정   - 욕설, 가짜 뉴스, 링크 등이 포함된 댓글은 자동 삭제됩니다.   - 과도한 혐오 표현, 타인에 대한 공격은 삭제됩니다.  . 비즈니스 문의 : scopepublic@naver.com  . BGM : Feeling Alright - Gavin Luke"
8ITwnE4i1T8,나... 익어 버릴 거 같아...,2022-08-06T02:00:02Z,PT10M51S,564677,9542,1128,,"#폭염 #더위 #기후변화  . 영상은 매주 토요일 오전 11시에 게시됩니다.  . 댓글에 관한 규정   - 욕설, 가짜 뉴스, 링크 등이 포함된 댓글은 자동 삭제됩니다.   - 과도한 혐오 표현, 타인에 대한 공격은 삭제됩니다.  . 비즈니스 문의 : scopepublic@naver.com  . BGM : Feeling Alright - Gavin Luke"
Kmf-vGlrnpo,일본이 아베를 선택했던 이유,2022-07-23T02:00:11Z,PT13M58S,794303,11914,1863,,"#아베 #일본 #일본정치  . 영상은 매주 토요일 오전 11시에 게시됩니다.  . 댓글에 관한 규정   - 욕설, 가짜 뉴스, 링크 등이 포함된 댓글은 자동 삭제됩니다.   - 과도한 혐오 표현, 타인에 대한 공격은 삭제됩니다.  . 비즈니스 문의 : scopepublic@naver.com  . BGM : Feeling Alright - Gavin Luke"
rUcujf9l8hk,인도란... 어떤 곳일까?,2022-07-16T02:00:13Z,PT12M31S,1235994,14554,1431,,"#인도 #india #오토바이   . 영상은 매주 토요일 오전 11시에 게시됩니다.  . 댓글에 관한 규정   - 욕설, 가짜 뉴스, 링크 등이 포함된 댓글은 자동 삭제됩니다.   - 과도한 혐오 표현, 타인에 대한 공격은 삭제됩니다.  . 비즈니스 문의 : scopepublic@naver.com  . BGM : Feeling Alright - Gavin "
faAU70g_sFA,70억 아파트도 층간소음...?,2022-07-09T06:12:28Z,PT13M56S,621119,10565,1897,,". 영상은 매주 토요일 오전 11시에 게시됩니다.  . 댓글에 관한 규정   - 욕설, 가짜 뉴스, 링크 등이 포함된 댓글은 자동 삭제됩니다.   - 과도한 혐오 표현, 타인에 대한 공격은 삭제됩니다.  . 비즈니스 문의 : scopepublic@naver.com  . BGM : Feeling Alright - Gavin Luke"
jU3W5ytoJ80,모기 때문에 잠 못자서 만든 영상,2022-07-02T02:00:14Z,PT13M2S,829682,14199,1181,,"#모기 #모기퇴치  . 영상은 매주 토요일 오전 11시에 게시됩니다.  . 댓글에 관한 규정   - 욕설, 가짜 뉴스, 링크 등이 포함된 댓글은 자동 삭제됩니다.   - 과도한 혐오 표현, 타인에 대한 공격은 삭제됩니다.  . 비즈니스 문의 : scopepublic@naver.com  . BGM : Feeling Alright - Gavin Luke"
G2qurX8fhJ0,아... 출근하기 싫다,2022-06-18T02:00:08Z,PT13M16S,571951,9525,911,,"#재택근무 #일론머스크 #애플  . 영상은 매주 토요일 오전 11시 혹은 토요일 저녁에 게시됩니다.  . 댓글에 관한 규정   - 욕설, 가짜 뉴스, 링크 등이 포함된 댓글은 자동 삭제됩니다.   - 과도한 혐오 표현, 타인에 대한 공격은 삭제됩니다.  . 비즈니스 문의 : scopepublic@naver.com  . BGM : Feeling Alright"
WTgHTMP3_K0,출산율 반만 떼주라,2022-06-11T05:30:05Z,PT13M10S,1008137,13679,855,,"#이집트 #살라 #월드컵   . 영상은 매주 토요일 오전 11시 혹은 토요일 저녁에 게시됩니다.  . 댓글에 관한 규정   - 욕설, 가짜 뉴스 유포 등은 유튜브 정책에 의해 자동 삭제됩니다.   - 과도한 혐오 표현, 타인에 대한 공격은 삭제됩니다.  . 비즈니스 문의 : scopepublic@naver.com    eling Alright - Gavin"
ene3LpBtcIs,중동 최고의 반미국가 이란! 핵에 집착하는 이유!,2022-05-21T08:16:05Z,PT13M26S,515423,6446,389,,"#이란 #히잡 #사형  . 영상은 매주 토요일 오전 11시 혹은 토요일 저녁에 게시됩니다.  . 댓글에 관한 규정   - 욕설, 가짜 뉴스 유포 등은 유튜브 정책에 의해 자동 삭제됩니다.   - 과도한 혐오 표현, 타인에 대한 공격은 삭제됩니다.  . 비즈니스 문의 : scopepublic@naver.com  . BGM : Feeling Alright - "
Qds0_9Dpv7Y,나도 한 집착 한다고...,2022-04-16T08:04:06Z,PT11M24S,700432,10517,584,,"#금본위제 #금 #골드바  . 영상은 매주 토요일 오전 11시 혹은 토요일 저녁에 게시됩니다.  . 댓글에 관한 규정   - 욕설, 가짜 뉴스 유포 등은 유튜브 정책에 의해 자동 삭제됩니다.   - 과도한 혐오 표현, 타인에 대한 공격은 삭제됩니다.  . 비즈니스 문의 : scopepublic@naver.com  . BGM : Feeling Alright "
qm-IoZhyhTU,석유 복지가 뭔지 보여주마,2022-04-09T06:06:15Z,PT12M40S,2120386,16708,1001,,"#사우디 #사우디왕자 #월드컵  . 참고자료  - 중동을 들여다 보는 창, 사우디아라비아 / 캐런 앨리엇 하우스 / 메디치미디어  . 영상은 매주 토요일 오전 11시 혹은 토요일 저녁에 게시됩니다.  . 댓글에 관한 규정   - 욕설, 가짜 뉴스 유포 등은 유튜브 정책에 의해 자동 삭제됩니다.   - 과도한 혐오 표현, 타인에 대한 공격은 삭제됩니다.  ."
jvB9sRtZKCw,어쩌면 나 그리웠나봐... 이렇게 나쁜 네가...,2022-03-12T07:47:29Z,PT12M1S,742498,14163,3772,,". 영상은 매주 토요일 오전 11시 혹은 토요일 저녁에 게시됩니다.  . 댓글에 관한 규정   - 욕설, 가짜 뉴스 유포 등은 유튜브 정책에 의해 자동 삭제됩니다.   - 과도한 혐오 표현, 타인에 대한 공격은 삭제됩니다.  . 비즈니스 문의 : scopepublic@naver.com  . BGM : Feeling Alright - Gavin Luke"
Ruqqa18J6lE,앞으로 수십년은 전쟁을 걱정해야 한다? 신냉전의 시대,2022-03-05T07:30:02Z,PT12M32S,903356,15575,1286,,"#러시아 #우크라이나 #신냉전  . 영상은 매주 토요일 오전 11시 혹은 토요일 저녁에 게시됩니다.  . 댓글에 관한 규정   - 욕설, 가짜 뉴스 유포 등은 유튜브 정책에 의해 자동 삭제됩니다.   - 과도한 혐오 표현, 타인에 대한 공격은 삭제됩니다.  . 비즈니스 문의 : scopepublic@naver.com  . BGM : Feeling Alrig"
21Fq694f7FE,학벌사회 [ 무너진다 vs 무너지겠냐 ],2022-02-26T05:30:01Z,PT12M18S,1400752,21914,3361,,". 영상은 매주 토요일 오전 11시 혹은 토요일 저녁에 게시됩니다.  . 댓글에 관한 규정   - 욕설, 가짜 뉴스 유포 등은 유튜브 정책에 의해 자동 삭제됩니다.   - 과도한 혐오 표현, 타인에 대한 공격은 삭제됩니다.  . 비즈니스 문의 : scopepublic@naver.com  . BGM : Feeling Alright - Gavin Luke"
sKvV9UHGhCI,잃어버린 30년의 이유,2022-02-05T06:47:02Z,PT12M9S,1693058,23986,3611,,". 영상은 매주 토요일 오전 11시 혹은 토요일 저녁에 게시됩니다.  . 댓글에 관한 규정   - 욕설, 가짜 뉴스 유포 등은 유튜브 정책에 의해 자동 삭제됩니다.   - 과도한 혐오 표현, 타인에 대한 공격은 삭제됩니다.  . 비즈니스 문의 : scopepublic@naver.com  . BGM : Feeling Alright - Gavin Luke"
x_hdCDGj5XE,국산 우유가 비싼 이유,2022-01-15T05:19:44Z,PT11M10S,986260,15043,2254,,"#멸균우유 #수입우유 #치즈  . 영상은 매주 토요일 오전 11시 혹은 토요일 저녁에 게시됩니다.  . 댓글에 관한 규정   - 욕설, 가짜 뉴스 유포 등은 유튜브 정책에 의해 자동 삭제됩니다.   - 과도한 혐오 표현, 타인에 대한 공격은 삭제됩니다.  . 비즈니스 문의 : scopepublic@naver.com  . BGM : Feeling Alrigh"
O-Lb69u-b7s,별짓 다 해본 유럽의 저출산 대응 전략,2021-12-25T07:46:34Z,PT11M41S,1013947,14655,3488,,"#저출산 #출산율 #고령화  . 영상은 매주 토요일 오전 11시 혹은 토요일 저녁에 게시됩니다.  . 댓글에 관한 규정   - 욕설, 가짜 뉴스 유포 등은 유튜브 정책에 의해 자동 삭제됩니다.   - 과도한 혐오 표현, 타인에 대한 공격은 삭제됩니다.  . 비즈니스 문의 : scopepublic@naver.com  . BGM : Feeling Alright"
4XJaauJOUCg,미국 리먼 사태! 진짜 쉽게 설명합니다,2021-12-18T07:39:39Z,PT12M50S,2040991,24751,957,,"#리먼 #서브프라임모기지 #금융위기  . 영상은 매주 토요일 오전 11시 혹은 토요일 저녁에 게시됩니다.  . 댓글에 관한 규정   - 욕설, 가짜 뉴스 유포 등은 유튜브 정책에 의해 자동 삭제됩니다.   - 과도한 혐오 표현, 타인에 대한 공격은 삭제됩니다.  . 비즈니스 문의 : scopepublic@naver.com  . BGM : Feeling Al"
ekPLagcFz68,러시아의 침공 이유,2021-12-11T08:00:29Z,PT12M12S,1126235,17132,1390,,"#우크라이나 #러시아 #전쟁  . 영상은 매주 토요일 오전 11시 혹은 토요일 저녁에 게시됩니다.  . 댓글에 관한 규정   - 욕설, 가짜 뉴스 유포 등은 유튜브 정책에 의해 자동 삭제됩니다.   - 과도한 혐오 표현, 타인에 대한 공격은 삭제됩니다.  . 비즈니스 문의 : scopepublic@naver.com  . BGM : Feeling Alrigh"
ldYHMhKhXrA,별 거 다 파는 한국! 우린 무역으로 먹고 산다!,2021-12-04T02:00:17Z,PT10M54S,687790,12039,663,,". 본 영상은 한국무역협회의 지원을 받아 제작되었습니다.  . 영상은 매주 토요일 오전 11시 혹은 토요일 저녁에 게시됩니다.  . 댓글에 관한 규정   - 욕설, 가짜 뉴스 유포 등은 유튜브 정책에 의해 자동 삭제됩니다.   - 과도한 혐오 표현, 타인에 대한 공격은 삭제됩니다.  . 비즈니스 문의 : scopepublic@naver.com  . BGM "
dC1428qFTiE,물가 그만해! 나 무서워... 이러다 다 죽어! (feat. 초인플레이션),2021-11-06T08:00:20Z,PT10M50S,758584,13380,820,,"#인플레이션 #물가 #유가  . 업로드는 매주 토요일 오전 11시에! 늦으면 저녁에 됩니다 . 혐오 표현, 욕설, 타인에 대한 공격 등 악플은 삭제됩니다 ----------------------------------------------------------------------------------- . 비즈니스 문의 : scopepublic@naver."
C0J-hyPPU6s,"한류는 얻어 걸린 성공일까? (feat. 오징어게임, BTS)",2021-10-30T07:30:02Z,PT11M,630877,14980,1396,,"#오징어게임 #BTS  . 오류 정정합니다  - 윤여정 배우 여우주연상 (→여우조연상)  . 업로드는 매주 토요일 오전 11시에! 늦으면 저녁에 됩니다 . 혐오 표현, 욕설, 타인에 대한 공격 등 악플은 삭제됩니다 --------------------------------------------------------------------------------"
bDokS8qWa_4,한국 사람들이 강남에 환장하는 진짜 이유,2021-10-19T09:22:21Z,PT11M53S,1187486,15625,1857,,"#부동산 #강남  . 참고 자료 : 강남의 탄생 / 한종수, 강희용 / 미지북스  . 업로드는 매주 토요일 오전 11시에! 늦으면 저녁에 됩니다 . 혐오 표현, 욕설, 타인에 대한 공격 등 악플은 삭제됩니다 ----------------------------------------------------------------------------------- "
dEAh-YYaaFw,EU 탈출 후 힘들어진 영국,2021-10-09T08:00:53Z,PT12M20S,1384936,21690,2074,,"#브렉시트 #영국 #난민  . 업로드는 매주 토요일 오전 11시에! 늦으면 저녁에 됩니다 . 혐오 표현, 욕설, 타인에 대한 공격 등 악플은 삭제됩니다 ----------------------------------------------------------------------------------- . 비즈니스 문의 : scopepublic@naver.c"
imXWrL0Wrig,이해할 수 없는 중국! 이해 시켜드립니다!,2021-09-18T02:00:07Z,PT11M22S,1530983,21748,2365,,". 업로드는 매주 토요일 오전 11시에! 늦으면 저녁에 됩니다 . 혐오 표현, 욕설, 타인에 대한 공격 등 악플은 삭제됩니다 ----------------------------------------------------------------------------------- . 비즈니스 문의 : scopepublic@naver.com . BGM : Feel"
aMGQKJ3OsEw,압도적 군사력에도 중동 정책이 실패한 이유,2021-09-11T09:00:00Z,PT11M52S,962712,15118,1168,,". 업로드는 매주 토요일 오전 11시에! 늦으면 저녁에 됩니다 . 혐오 표현, 욕설, 타인에 대한 공격 등 악플은 삭제됩니다 ----------------------------------------------------------------------------------- . 비즈니스 문의 : scopepublic@naver.com . BGM : Feel"
PQFmbcSA-qg,한국이 멸종 예정 국가라고요? 세계 최초로?,2021-09-04T06:14:29Z,PT11M44S,1815852,34311,11904,,"#인구 #출산율 #부동산  . 참고 자료  - 인구전쟁 2045 / KAIST 문술미래전략대학원 / 김영사  - 인구 미래 공존 / 조영태 / 북스톤  . 업로드는 매주 토요일 오전 11시 혹은 저녁에 됩니다 . 혐오 표현, 욕설, 타인에 대한 공격 등 악플은 삭제됩니다  . 문의 : scopepublic@naver.com . BGM : Feeling Al"
MnTcwnJBdik,"아프가니스탄, 누구의 잘못일까?",2021-08-28T10:00:08Z,PT11M33S,937760,14999,1218,,". 업로드는 매주 토요일 오전 11시 혹은 저녁에 됩니다 . 혐오 표현, 욕설, 타인에 대한 공격 등 악플은 삭제됩니다  . 문의 : scopepublic@naver.com . BGM : Feeling Alright - Gavin Luke"
cru6CtMXXdc,이러다 진짜 멸망이라도 하는 거 아니에요?,2021-07-31T02:00:13Z,PT11M14S,789406,15527,2323,,"#지구의날 #환경 #온난화   . 업로드는 매주 토요일 오전 11시 혹은 저녁에 됩니다 . 혐오, 욕설 등 악플은 삭제 됩니다 . 문의 : scopepublic@naver.com . BGM : Feeling Alright - Gavin Luke"
vw4SFFp9vmQ,국뽕없이 보는 IMF 외환위기 사태,2021-07-17T04:32:31Z,PT12M46S,1521043,27841,3036,,"#IMF #외환위기 #선진국  . 업로드는 매주 토요일 오전 11시 혹은 저녁에 됩니다 . 혐오, 욕설 등 악플은 삭제 됩니다 . 문의 : scopepublic@naver.com . BGM : Feeling Alright - Gavin Luke"
zbcgprEP6Cw,"영원한 라이벌, 아디다스와 나이키",2021-07-10T08:11:32Z,PT12M51S,733264,9469,586,,"#아디다스 #나이키 #운동화   . 업로드는 매주 토요일 오전 11시 혹은 저녁에 됩니다 . 혐오, 욕설 등 악플은 삭제 됩니다 . 문의 : scopepublic@naver.com . BGM : Feeling Alright - Gavin Luke"
3STvg7KA2bk,"남미 최대 부자, 축구 강국 브라질!",2021-07-03T09:45:00Z,PT11M27S,744926,10240,945,,"#브라질 #월드컵 #16강  . 업로드는 매주 토요일 오전 11시 혹은 저녁에 됩니다 . 혐오, 욕설 등 악플은 삭제 됩니다 . 문의 : scopepublic@naver.com . BGM : Feeling Alright - Gavin Luke"
CYeuae_eYVU,최연소 대통령이 정치를 하면 어떻게 될까? 엘살바도르의 오해와 진실!,2021-06-19T08:00:10Z,PT12M25S,1401688,15952,1333,,"#엘살바도르 #비트코인 #법정화폐  . 업로드는 매주 토요일 오전 11시 혹은 저녁에 됩니다 . 혐오, 욕설 등 악플은 삭제 됩니다 . 문의 : scopepublic@naver.com . BGM : Feeling Alright - Gavin Luke"
b-RjCxBgmIw,재벌급 찐부자만 탈 수 있다! 세계에서 가장 비싼 차! 부가티!,2021-06-12T06:40:16Z,PT12M34S,2378795,18068,1784,,"#부가티 #시론  . 업로드는 매주 토요일 오전 11시 혹은 저녁에 됩니다 . 혐오, 욕설 등 악플은 삭제 됩니다 . 문의 : scopepublic@naver.com . BGM : Feeling Alright - Gavin Luke"
6cZfUAdTe9Y,극과 극을 살고 있는 인도의 갑부와 빈곤층들!,2021-06-05T02:00:00Z,PT12M49S,5145662,44771,3790,,"#인도 #지참금 #코로나  . 업로드는 매주 토요일 오전 11시 혹은 저녁에 됩니다 . 혐오, 욕설 등 악플은 삭제 됩니다 . 문의 : scopepublic@naver.com . BGM : Feeling Alright - Gavin Luke"
FMdZcO14i-s,속 시원하게 이해되는 / 이스라엘 팔레스타인 분쟁,2021-05-29T04:12:05Z,PT12M12S,1606736,23131,3099,,"#이스라엘 #팔레스타인 #하마스  . 업로드는 매주 토요일 오전 11시 혹은 저녁에 됩니다 . 혐오, 욕설 등 악플은 삭제 됩니다 . 문의 : scopepublic@naver.com . BGM : Feeling Alright - Gavin Luke"
cQ8gy6RKFMI,이건희는 대체 어떻게 삼성을 키웠을까?,2021-05-22T02:00:04Z,PT12M35S,1166503,15315,1659,,"#삼성 #이건희 #이재용  . 업로드는 매주 토요일 오전 11시 혹은 저녁에 됩니다 . 혐오, 욕설 등 악플은 삭제 됩니다 . 문의 : scopepublic@naver.com . BGM : Feeling Alright - Gavin Luke"
fXT1EhkzcKo,보이면 대출을 받아서라도 산다! 롤렉스! 미쳐 날뛰는 가격!,2021-05-15T02:00:07Z,PT12M9S,680611,7895,635,롤렉스|서브마리너|데이트저스트|데이저스트|데이데이트|데이토나|세라토나|오버홀|익스플로러|오이스터 퍼페츄얼|롤렉스 금통|GMT마스터|지엠티마스터|스카이드웰러|요트마스터|씨드웰러|펄마스터|밀가우스|에어킹|코스모그래프 데이토나|첼리니,"#롤렉스 #시계 #서브마리너  . 업로드는 매주 토요일 오전 11시 혹은 저녁에 됩니다 . 혐오, 욕설 등 악플은 삭제 됩니다 . 문의 : scopepublic@naver.com . BGM : Feeling Alright - Gavin Luke"
wPXQFHMSGqo,아무리 밟아도 부활하는 비트코인 광풍!,2021-05-01T02:00:08Z,PT12M52S,695085,11066,1505,비트코인|비트코인 하는 법|비트코인 단타|비트코인 전망|비트코인 채굴|비트코인 망한사람|비트코인 레전드|비트코인 떡락|비트코인 실시간|코인 실시간|코인 단타|코인 차트|이더리움|도지코인|비트코인 캐시|리플|블록체인|암호화폐|가상화폐|도지코인 노래|도지코인 전망|도지코인 채굴|도지코인 존버|도지코인 사는법|도지코인 실시간|도지코인 머스크|일론 머스크|머스크|스페이스x|암호화폐 전망|암호화폐 거래방법|암호화폐 추천|암호화폐 거래소|투기|투자|코인베이스|블록체인 전망|블록체인 원리|블록체인 기술|코인,#비트코인 #도지코인 #코인  . 업로드는 매주 토요일 오후에 됩니다 . 문의 : scopepublic@naver.com . BGM : Feeling Alright - Gavin Luke
fu8djuyhH3w,다음 생을 위해 안 타고 아껴둡니다 / 페라리 vs 람보르기니,2021-04-24T02:00:05Z,PT13M22S,962669,10624,882,페라리|람보르기니|엔초 페라리|페파리 로마|라페라리|페라리 488 스파이더|페라리 812 슈퍼패스트|페라리 488|페라리 F8 트리뷰토|페라리 포트로피노|페라리 향수|페라리 프로산게|페라리 458|페루치오 람보르기니|람보르기니 우루스|우르스|람보르기니 아벤타도르|람보르기니 배기음|람보르기니 우라칸|람보르기니 시안|람보르기니 가야르도|포르쉐|포르쉐 카이엔|포르쉐 타이칸|포르쉐 911|포르쉐 박스터|포르쉐 파나메라|맥라렌|부가티|마세라티|파가티|닛산 gt-r|벤틀리|롤스로이스|벤츠|아우디|bmw|테슬라 로드스터|테슬라|마이바흐|슈퍼카|스포츠카|슈퍼카 리뷰|슈퍼카 반응|슈퍼카 배기음|스포츠카 추천|스포츠카 배기음|스포츠카 순위|스포츠카 반응|스포츠카 리뷰|페라리 suv,#페라리 #람보르기니 #슈퍼카  . 업로드는 매주 토요일 오후에 됩니다 . 문의 : scopepublic@naver.com . BGM : Feeling Alright - Gavin Luke
n4ODYLDJ8PE,라면 먹으면서 보기 좋은 라면 삼국지 (농심vs오뚜기vs삼양),2021-04-17T02:00:05Z,PT12M4S,1982057,18015,2230,라면|라면의 역사|라면 시장|라면 먹방|영화 라면|영화 라면 먹방|라면 조합|라면 추천|농심|신라면|안성탕면|너구리|짜파게티|짜파구리|육개장|농심 레드포스|농심 주가|농심 주식|농심 메밀소바|농심 감튀|농심 손녀|오뚜기|오뚜기회장딸|오뚜기 회장|오뚜기 컵밥|오뚜기 미역|진라면|오뚜기 스프|오뚜기 카레|오뚜기 주식|삼양|삼양라면|삼양라면 먹방|삼양식품|삼양식품 주가|삼양식품 주식|불닭볶음면|불닭볶음면 먹방|불닭 먹방|불닭 푸파|팔도|팔도 비빔면|도시락|왕뚜껑|라면 맛있게 끓이는 방법|라면먹고가요|라면먹고갈래|라면볶음밥|라면땅|라면요리|라면은 무슨 술사와|라면송|라면 레시피|라면밥,"#농심 #오뚜기 #삼양  . 참고 자료  - 라면의 재발견 / 김종현, 한종수 / 따비  - 라면이 바다를 건넌 날 / 무라야마 도시오 / 21세기 북스  . 업로드는 매주 토요일 오후에 됩니다 . 문의 : scopepublic@naver.com . BGM : Feeling Alright - Gavin Luke"
EKY1EoBVkxc,한국 재계 2위!? SK하이닉스,2021-04-10T07:17:30Z,PT13M36S,816091,9616,862,sk하이닉스|sk하이닉스 주가전망|sk하이닉스 주가|sk하이닉스 광고|sk하이닉스 주식|sk하이닉스 자소서|sk하이닉스 채용|sk하이닉스 성과급|sk하이닉스 양산기술|sk하이닉스 면접|sk하이닉스 생산직|sk하이닉스 브이로그|sk하이닉스 ssd|sk하이닉스 직무|sk이노베이션|sk바이오사이언스|sk바이오팜|sk케미칼|sk증권|sk entertain|sk와이번스|skt|sk텔레콤|skt t1|최태원|반도체|d램|ddr|메모리|메모리 반도체|삼성|삼성전자|lg|lg전자|현대|현대전자|현대차|현대자동차|인텔|마이크론|amd|브로드컴|퀄컴|도시바|wd|웨스턴디지털|tsmc|엔비디아|cpu|그래픽카드|반도체관련주|반도체장비주|반도체 공정|반도체 ETF|반도체 주식|반도체 원리|반도체 전망|반도체란|반도체 생산직|반도체 소재 관련주|반도체 소재|반도체 후공정|반도체 슈퍼사이클|반도체 8대 공정,#sk하이닉스 #반도체 #삼성전자  . 영상에 몇 가지 오류가 있습니다   - 12:38 화살표 방향이 반대로 돼있습니다  . 업로드는 매주 토요일 오후에 됩니다 . 문의 : scopepublic@naver.com . BGM : Feeling Alright - Gavin Luke
mYwb39zAktQ,코카콜라 vs 펩시 / 그 처절한 전쟁사,2021-03-13T06:00:14Z,PT12M20S,1991167,16832,2160,코카콜라|펩시|펩시 아이즈원|펩시 제로|펩시 광고|펩시 코카콜라|펩시 혐오|펩시 불합격|펩시 코카콜라 디스광고|펩시 종류|펩시 주식|펩시 전투기|펩시 던지기|펩시 혐오 득털|펩시 한국|코카콜라 방탄|코카콜라 방탄 광고|코카콜라 주식|코카콜라 cm송|코카콜라 노래|코카콜라 제로|코카콜라 레시피|코카콜라 펩시|코카콜라 곰|코카콜라 광고 노래|코카콜라 led|코카콜라 배당|코카콜라 광고 방탄|코카콜라 주가|코카콜라 맛|펩시 맛|블라인드 테스트|콜라|콜라 비교|콜라 테스트|콜라 맛|콜라 블라인드 테스트|콜라 먹방|콜라 멘토스|콜라 첫사랑|콜라 수육|콜라 우울한 우연|콜라 원샷|콜라 만들기|콜라 슬러시|콜라 낚시|콜라 asmr|퀘이커 오트밀|퀘이커 오츠|치토스|썬칩|도리토스|게토레이|트로피카나|트로피카나 스파클링|펩시코,#코카콜라 #펩시 #콜라  ■ 문의 : scopepublic@naver.com ■ Ending BGM : Feeling Alright - Gavin Luke  안녕하세요 지식한입의 한입만입니다! 본 영상 연도 표기에 오류가 있습니다 미국 금주법 시행은 1920년이라고 표기해뒀는데 해당 연도는 금주법이 미국 전역에 확대 적용된 연도입니다  미국 금주법은 주마
9w2tP9z08Uk,미국 압살하던 일본 최고 전성기! 일본 버블 경제 총정리,2021-03-06T06:33:42Z,PT12M2S,2765757,30238,4462,일본|일본 버블|일본 버블 경제|일본 버블경제|일본 거품|일본 거품 경제|일본 예능|일본 한류|일본 여행|일본 버블경제 시절|일본 버블경제 붕괴|일본 버블경제 노래|일본 버블경제 다큐|일본 버블 붕괴 과정|일본 버블 붕괴|일본 버블경제 코카콜라|일본 버블경제 이후|일본 버블 시절|일본 버블 코카콜라|일본 거품경제|일본 거품경제 시절|일본 거품경제 붕괴의 진실|일본 거품경제 애니|일본 거품경제 원인|일본 거품경제 주식|일본 거품경제 붕괴|일본 거품경제 일화|일화|붕괴|일본 버블경제 일화|썰|일본 버블경제 원인|짱구|짱구 극장판|어른 제국의 역습|짱구 레전드|크레용신짱|크레용 신짱|짱구집|부동산|주식|일본 버블 부동산|부동산 버블|부동산 폭락|부동산 전망|부동산 경매|부동산 투자|부동산 공부|부동산 거품,#일본버블경제 #일본 #일본거품경제  ■ 문의 : scopepublic@naver.com ■ Ending BGM : Feeling Alright - Gavin Luke
OfDt8Hfl6tk,현존하는 지구 최강 생명체 / 테슬라의 일론 머스크,2021-02-27T07:30:23Z,PT12M43S,1224642,13360,1511,일론머스크|일론 머스크|머스크|일론 머스크 비트코인|일론 머스크 로켓 회수|일론 머스크 인터뷰|일론 머스크 시뮬레이션|일론 머스크 인공지능|일론 머스크 대마|일론 머스크 화성|일론 머스크 춤|일론 머스크 하이퍼루프|일론 머스크 연설|일론 머스크 아이언맨|일론 머스크 동기부여|일론 머스크 로켓|엘론 머스크|일론 머스크 정리|테슬라|테슬라 주식|테슬라 주가|테슬라 자율주행|전기차|스페이스x|스페이스x 로켓회수|스페이스x 주식|스페이스x 폭발|스페이스x 착륙|스페이스x 스타쉽|스페이스x 상장|스페이스x 화성|스페이스x 관련주|스페이스x 유인우주선|스페이스x 귀환|스페이스x 스타링크|스타링크|하이퍼루프|더보링컴퍼니|금리|금리인상|금리전망|금리상승|비트코인|비트코인 단타|비트코인 전망|자율주행,#일론머스크 #테슬라 #비트코인  ■ 문의 : scopepublic@naver.com ■ Ending BGM : Feeling Alright - Gavin Luke
nRHXeWiBqTA,"테슬라, 애플카는 왜 주목을 받을까?",2021-02-20T05:45:00Z,PT11M,519043,6944,680,애플카|애플카 관려주|애플카 중단|애플카 현대차|애플카 현대|애플카 기아|애플카 기아차|현대차|기아차|현대|기아|테슬라|애플카 주식|애플카 배터리|애플카 테슬라|애플카 lg|애플카 자율주행|자율주행|테슬라 모델y|테슬라 모델3|테슬라 주식|테슬라 주가|테슬라 자율주행|테슬라 모델x|테슬라 모델s|테슬라 사이버트럭|테슬라 로드스터|테슬라 제로백|테슬라 차박|테슬라 충전|자율주행 대장주|자율주행 사고|자율주행 관련주|자율주행 레벨3|자율주행 주식|자율주행 자동차|자율주행 비교|전기차 관려주|전기차 충전|전기차 추천|전기차 충전소 관려주|전기차 배터리|전기차 etf|전기차 차박|전기차 단점|전기차 보조금|전기차 배터리 관련주|전기차 주식|전기차 화재|전기차 충전소|일론 머스크|자동차|구글카|웨이모|삼성카,#애플카 #테슬라 #전기차  ■ 문의 : scopepublic@naver.com ■ Ending BGM : Feeling Alright - Gavin Luke
_DYACRioLw4,"LG전자 스마트폰 철수, 칼을 뽑은 상남자 신입 회장님",2021-02-06T02:00:13Z,PT11M9S,1224099,12269,1932,lg|lg전자|lg 주식|lg 주가|lg전자 주가|lg전자 주식|lg 스마트폰|lg 스마트폰 광고|lg 스마트폰 추천|lg 스마트폰 윙|lg 스마트폰 역사|lg 스마트폰 철수|lg 스마트폰 망한이유|lg 스마트폰 사업|lg 스마트폰 포기|lg 스마트폰 축소|lg 스마트폰 위기|lg전자 주가 전망|구본무|구광모|g6|g7|g8|g9|v10|v20|v30|v40|v50|v60|v70|g10|lg 벨벳|lg 윙|lg 가전|사물인터넷|lg 전기차|애플카|lg 전기차 관련주|lg 전기차 배터리|lg 배터리|애플카 관련주|애플카 현대|애플카 현대차|애플카 기아|애플카 기아차|애플카 테슬라|테슬라|테슬라 주식|전기차 관련주|전기차 주식,#LG #LG스마트폰 #LG전자  ■ 문의 : scopepublic@naver.com ■ Ending BGM : Feeling Alright - Gavin Luke
AcutGmFhnhE,그래도 두산인데 쉽게는 안 죽지,2021-01-30T06:01:53Z,PT11M43S,1749904,16897,2504,두산|두산 중공업|두산 건설|두산 베어스|밥캣|두산 인프라코어|두산 주가|두산 주가 전망|두산 주식|두산 치어리더|두산 중공업 주가|두산 중공업 주가 전망|두산 중공업 전망|두산 전망|두산 위기|두산 중공업 위기|박용만|박용만 회장|박정원|박정원 회장|탈원전|탈원전 정책|탈석탄|탈석탄 정책|원전|원자력|탈원전 이유|탈원전 토론|탈원전 찬반|탈원전 두산|두산 탈원전|탈원전 문제점|두산 야구|야구,#두산 #두산베어스 #탈원전  ■ 문의 : scopepublic@naver.com
3B1Jtt7aX2g,시계의 끝판왕 파텍필립 / 롤렉스가 귀여워지는 가격,2021-01-16T09:36:21Z,PT11M44S,4892295,29441,2375,파텍필립 노틸러스|파텍필립|파텍필립 시계|파텍필립 그랜드마스터 차임|파텍필립 아쿠아넛|파텍필립 짝퉁|파텍필립 그랜드 컴플리케이션|파텍필립 노틸러스 금통|파텍필립 월드타임|파텍필립 언박싱|파텍필립 시계 제작|파텍필립 매장|파텍필립 스카이문|파텍필립 칼라|파텍필립 가격|시계|시계 추천|시계 계급도|시계 동요|시계 줄 줄이기|시계 랜덤박스|시계 배터리 교체|시계 브랜드|시계 소리|명품|롤렉스|롤렉스 서브마리너|롤렉스 데이트저스트|롤렉스 시계|롤렉스 춤|롤렉스 노래|롤렉스 오이스터 퍼페츄얼 시계|롤렉스 익스플로러|롤렉스 데이토나|롤렉스 성골|롤렉스 데이데이트|명품 시계|스위스|스위스 시계|샤넬|구찌|톰브라운|지방시|에르메스|브레게|iwc|랑에|랑에운트죄네|바쉐론 콘스탄틴,#롤렉스 #시계 #파텍필립 #명품  ■ 문의 : scopepublic@naver.com
vubiLUauW_s,베네수엘라 초인플레의 원인,2021-01-09T09:30:04Z,PT12M48S,3845871,43432,7829,베네수엘라|베네수엘라 근황|베네수엘라 여행|베네수엘라 경제|베네수엘라 사태|베네수엘라 국제결혼|베네수엘라 다큐|베네수엘라 물가|베네수엘라 부동산|베네수엘라 인플레이션|베네수엘라 초인플레이션|베네수엘라 근황 2020|베네수엘라 화폐|볼리바르|물가|인플레이션|초인플레이션|남미|베네수엘라 치안|치안|범죄율|베네수엘라 원인|사회주의|공산주의 포퓰리즘|석유|유가|오일 쇼크|포퓰리즘|복지|과잉 복지|진보|좌파|우익|보수|정치,#베네수엘라 #인플레이션  . 문의 : scopepublic@naver.com . 음악 : Feeling Alright - Gavin Luke . 업로드는 매주 토요일 오후입니다
Ulxbm5CaagY,대한민국 컨텐츠 제국 CJENM,2020-12-28T09:00:07Z,PT15M49S,823779,9784,857,CJ|CJ ENM|CJ ENM 주가|CJ E&M|CJ E&M 주가|CJ CGV|CGV|주가|주식|삼성|제일제당|비비고|비비고 만두|대한통운|올리브영|기생충|이미경|tvn|tvn 드라마|ocn|투니버스|엠넷|온게임넷|ogn|드라마|mnet|쇼미더머니|프로듀스|넷마블|다이아tv|영화|영화관|ott|티빙|넷플릭스|스튜디오 드래곤|투썸|뚜레쥬르|미생,#CJ #CJENM #삼성 #CGV #TVN #엠넷 #BTS  ■ 문의 : scopepublic@naver.com ■ 영상을 위해 참고한 것들
kTs-gudLp0k,"유튜브보다 많이 본다는 넷플릭스, 인싸 문화로! (feat. 오징어 게임)",2020-12-19T08:52:05Z,PT11M47S,678554,10393,836,넷플릭스|넷플릭스 성공 비결|넷플릭스 성공 요인|넷플릭스 영화 추천|넷플릭스 추천|넷플릭스 28금|넷플릭스 스위트홈|넷플릭스 드라마 추천|넷플릭스 애니메이션 추천|넷플릭스 영화|넷플릭스 한국 영화 추천|넷플릭스 무료로 보기|넷플릭스 미드 추천|넷플릭스 추천 영화|넷플릭스 로맨틱 영화 추천|넷플릭스 드라마|인간수업|위쳐|옥자|종이의집|프렌즈|미스터션샤인|스타트업|마블|디즈니|퀸스 갬빗|블랙 미러|지정생존자|경이로운 소문|보건교사 안은영|킹덤|ott|와챠|왓챠|유튜브|디즈니+|애플tv|드라마|영화|한국 드라마|홈스윗홈|넷플릭스 홈스윗홈|스위트홈,#넷플릭스 #오징어게임  ■ 문의 : scopepublic@naver.com ■ 영상을 위해 참고한 것들
FrnkroHLmPw,신세계 이마트 정용진 부회장은 어떤 남자인가?,2020-12-04T12:46:59Z,PT13M14S,3013931,27655,3347,정용진|정용진 고현정|정용진 백종원|정용진 한지희|정용진 부회장|정용진 고구마|정용진 재혼|정용진 이재용|정용진 인문학|정용진 신세계 부회장|정용진 인스타|정용진 인터뷰|정용진 강연|정용진 이마트|정용진 맛남의광장|고현정 정용진|고현정 무릎팍도사|신세계|신세계 주가|신세계 백화점|이마트|이마트 노래|이마트 트레이더스|이마트 주가|이마트 와인|이마트 광고|이마트 노동요|이마트 송|이마트 브금|이마트 주식|쿠팡|마켓컬리|쿠팡이츠|쿠팡파트너스|쿠팡 알바|스타필드|스포츠몬스터|노브랜드|SK와이번스|이마트 와이번스|신세계 와이번스|와이번스,#신세계 #이마트 #SK와이번스  ■ 문의 : scopepublic@naver.com
JIMzUIA8RI8,유명하면 똥을 싸도 박수를 친다? 지드래곤의 패션 세계,2020-11-23T08:45:01Z,PT8M11S,2383723,25911,2017,지드래곤|피스마이너스원|피스마이너스원 에어포스|피스마이너스원 팔찌|피스마이너스원 끈|피스마이너스원 후드|피스마이너스원 가품|피스마이너스원 2|피스마이너스원 노란색|피스마이너스원 에어포스2|피스마이너스원 응모|피스마이너스원 옷|피스마이너스원 커스텀|피스마이너스원 클립|피스마이너스원 코디|피스마이너스원 케이스|나이키|나이키 에어포스|나이키 피스마이너스원|피스마이너스원 나이키|나이키 콜라보|피스마이너스원 콜라보|지드래곤 노래모음|지드래곤 무제|지드래곤 니가뭔데|지드래곤 삐딱하게|지드래곤 하트브레이커|지드래곤 크레용|지드래곤 마마|지드래곤 근황|지드래곤 정형돈|지드래곤 블랙|지드래곤 레전드|지드래곤 사랑노래|지드래곤 서예지|에어포스|에어포스1|에어포스원|에어포스 커스텀|에어포스 코디|에어포스2|파라노이즈|GD|G-DRAGON|권지용|무한도전 지드래곤|무도|무한도전,#지드래곤 #피스마이너스원 #나이키 #에어포스  ■ 문의 : scopeths@naver.com ■ 영상을 위해 참고한 것들  . 비즈니스 문의 : scopepublic@naver.com
HyaWaKIxHfg,4억짜리 아파트 40채 살 돈으로 차 한 대를 뽑는다고? 롤스로이스,2020-11-19T08:00:02Z,PT9M29S,4221332,20898,1992,롤스로이스|롤스로이스 팬텀|롤스로이스 고스트|롤스로이스 컬리넌|롤스로이스 레이스|롤스로이스 던|롤스로이스 스웹테일|롤스로이스 사고|롤스로이스 블랙배지|롤스로이스 우산|롤스로이스 레이스 블랙배지|롤스로이스 컬리넌 블랙배지|롤스로이스 던 블랙배지|롤스로이스 suv|롤스로이스 막걸리|마이바흐|벤틀리|벤츠|bmw|아우디|람보르기니|포르쉐|포르셰|고급세단|세단|스포츠카|제네시스|랜드로버|재규어|폭스바겐|페라리|푸조|부가티,#롤스로이스 #럭셔리세단 #세상에서제일비싼차  ■ 비즈니스 문의 : scopepublic@naver.com ■ 영상을 위해 참고한 것들
MVjMFgrdTkM,태국 시위 쉽고 빠르게 완벽 정리,2020-10-30T09:02:06Z,PT9M27S,1256681,19868,2400,태국 시위|태국 시위 이유|태국 시위 한국|태국 시위 다시만난세계|태국 시위 노래|태국 시위 닉쿤|태국 시위 리사|태국 시위 2020|태국 시위 해외반응|태국 시위 정리|태국 시위 현황|태국 시위 다만세|태국 시위 현장|태국 왕|태국 국왕 애완견 생일파티|태국 국왕 사생활|태국 국왕 생일파티|태국 국왕 세번째 왕비|태국 국왕 독일|태국 국왕 즉위식|태국 여행|태국 리사|리사|닉쿤|태국 리사 인기|태국 정치|태국 경제|태국 사회|태국 문화|태국 종교|태국 관광,"#태국 #태국시위 #군부독재  ■ 영상을 위해 참고한 것들  . 태국 다이어리, 여유와 미소를 적다 / 박경은, 정환승 / 눌민 . 근대 태국의 형성 / 조흥국 / 소나무 . 태국 - 불교와 국왕의 나라 / 조흥국 / 소나무​  . 비즈니스 문의 : scopepublic@naver.com"
A6T7xlE5QlU,군필자의 밀리터리 버거 먹는 법,2020-09-30T08:53:02Z,PT5M,114914,1867,242,밀리터리버거 광고|밀리터리버거 먹방|밀리터리버거 리뷰|밀리터리버거 가격|밀리터리버거|군대리아 광고|군대리아 먹방|군대리아 리뷰|군대리아 만들기|군대리아 우유|군대리아 먹는법|군대리아 파는곳|군대리아 가공샐러드|빵식|군대리아|군대 빵식|롯데리아|이근대위|군필|군필자,#광고아님 #밀리터리버거 #군대리아 #빵식 #롯데리아 #버거  ■비즈니스 문의 : scopepublic@naver.com
aeQer4p7tug,'그곳'이 60kg이나 되는 이유,2020-09-25T08:22:01Z,PT5M30S,1117894,9162,801,상피병|사상충|개사상충|심장사상충|반크롭트 사상충|반크로프트 사상충|밴크로프트 사상충|말레이 사상충|기생충|기생|벌레|곤충|모기|웨슬리워렌주니어|부종|림프부종,#상피병 #림프부종 #고환 #기생충 #모기 #사상충  ■ 영상을 위해 참고한 것들  . 기생충 제국 / 칼 짐머  ■비즈니스 문의 : scopepublic@naver.com
xjEoljWKywY,탈모 해결하려다 묠니르가 만들어졌다 / 북유럽 신화,2020-09-11T08:00:21Z,PT5M3S,96466,1256,78,로키|토르|북유럽|북유럽신화|북유럽 신화|라그나로크|종말|종말론|북유럽 신화 종말론|북유럽신화 라그나로크|북유럽신화 로키|북유럽신화 영화|신화|북유럽신화 괴물|그리스신화|로마신화|그리스로마신화|오딘|헤임달|요르문간드|펜리르|펜리스|헬|헬라|발두르|발더|묠니르|프레이야|토르 명장면|토르 등장씬|토르 라그나로크|토르 다크월드|로키는 왜 세계를 멸망시킬까|로키는 왜 세상을 멸망시킬까|로키와 종말|세계의 종말|세상의 종말|지구의 종말|수르트|어벤져스|마블|스바딜파리|슬라이프니르|로키 짝짓기|로키 임신|임신|짝짓기|어쌔신크리드 발할라|어쌔신크리드|발할라,"#묠니르 #토르 #북유럽신화 #로키  ■ 영상을 위해 참고한 것들  . 에다 이야기 /스툴루손 스노리 . 북유럽 신화, 재밌고도 멋진 이야기 / 거버, H.A​ . 안인희의 북유럽 신화 / 안인희 . 북유럽 신화 / 게이먼, 닐 . 처음 시작하는 북유럽 신화 / 요시다 아쓰히코  ■비즈니스 문의 : scopepublic@naver.com"
fpSbAKa_2CI,로키... 괜찮은 거지? / 북유럽 신화,2020-09-04T07:45:48Z,PT4M58S,347678,3928,345,로키|토르|북유럽|북유럽신화|북유럽 신화|라그나로크|종말|종말론|북유럽 신화 종말론|북유럽신화 라그나로크|북유럽신화 로키|북유럽신화 영화|신화|북유럽신화 괴물|그리스신화|로마신화|그리스로마신화|오딘|헤임달|요르문간드|펜리르|펜리스|헬|헬라|발두르|발더|묠니르|프레이야|토르 명장면|토르 등장씬|토르 라그나로크|토르 다크월드|로키는 왜 세계를 멸망시킬까|로키는 왜 세상을 멸망시킬까|로키와 종말|세계의 종말|세상의 종말|지구의 종말|수르트|어벤져스|마블|스바딜파리|슬라이프니르|로키 짝짓기|로키 임신|임신|짝짓기|어쌔신크리드 발할라|어쌔신크리드|발할라,"#로키 #토르 #북유럽신화  ■ 영상을 위해 참고한 것들  . 에다 이야기 /스툴루손 스노리 . 북유럽 신화, 재밌고도 멋진 이야기 / 거버, H.A​ . 안인희의 북유럽 신화 / 안인희 . 북유럽 신화 / 게이먼, 닐 . 처음 시작하는 북유럽 신화 / 요시다 아쓰히코  ■비즈니스 문의 : scopepublic@naver.com"
DW17e4ws46w,로키가 세계를 멸망시킨다는 걸 아시나요? / 북유럽 신화,2020-08-28T07:58:02Z,PT5M59S,140549,1849,171,로키|토르|북유럽|북유럽신화|북유럽 신화|라그나로크|종말|종말론|북유럽 신화 종말론|북유럽신화 라그나로크|북유럽신화 로키|북유럽신화 영화|신화|북유럽신화 괴물|그리스신화|로마신화|그리스로마신화|오딘|헤임달|요르문간드|펜리르|펜리스|헬|헬라|발두르|발더|묠니르|프레이야|토르 명장면|토르 등장씬|토르 라그나로크|토르 다크월드|로키는 왜 세계를 멸망시킬까|로키는 왜 세상을 멸망시킬까|로키와 종말|세계의 종말|세상의 종말|지구의 종말|수르트|어벤져스|마블|어쌔신크리드|어쌔신크리드 발할라,"■ 영상을 위해 참고한 책들  . 에다 이야기 /스툴루손 스노리 . 북유럽 신화, 재밌고도 멋진 이야기 / 거버, H.A​ . 안인희의 북유럽 신화 / 안인희 . 북유럽 신화 / 게이먼, 닐 . 처음 시작하는 북유럽 신화 / 요시다 아쓰히코  ■비즈니스 문의 : scopepublic@naver.com"
